Date,open,high,low,close,volume,adj_close,diff
2011-01-03,4.25,4.25,4.14,4.14,21900,4.14,-0.11000000000000032
2011-01-04,4.17,4.31,4.15,4.23,19200,4.23,0.0600000000000005
2011-01-05,4.23,4.38,4.23,4.35,34700,4.35,0.11999999999999922
2011-01-06,4.5,4.5,4.16,4.2,67200,4.2,-0.2999999999999998
2011-01-07,4.4,4.4,4.17,4.25,38600,4.25,-0.15000000000000036
2011-01-10,4.35,4.49,4.33,4.4,80100,4.4,0.05000000000000071
2011-01-11,4.47,4.75,4.45,4.65,129000,4.65,0.1800000000000006
2011-01-12,4.7,4.96,4.7,4.92,66300,4.92,0.21999999999999975
2011-01-13,5.6,5.6,4.8,4.8,124600,4.8,-0.7999999999999998
2011-01-14,4.76,4.9,4.75,4.87,31200,4.87,0.11000000000000032
2011-01-18,4.93,4.93,4.7,4.72,31900,4.72,-0.20999999999999996
2011-01-19,4.7,4.7,4.5,4.52,46400,4.52,-0.1800000000000006
2011-01-20,4.52,4.52,4.4,4.45,29500,4.45,-0.0699999999999994
2011-01-21,4.55,4.65,4.45,4.63,15500,4.63,0.08000000000000007
2011-01-24,4.63,4.63,4.25,4.27,61500,4.27,-0.3600000000000003
2011-01-25,4.3,4.52,4.3,4.45,12100,4.45,0.15000000000000036
2011-01-26,4.46,4.54,4.46,4.5,22600,4.5,0.040000000000000036
2011-01-27,4.6,4.68,4.45,4.58,34300,4.58,-0.019999999999999574
2011-01-28,4.68,4.68,4.5,4.58,25100,4.58,-0.09999999999999964
2011-01-31,4.6,4.6,4.27,4.38,42100,4.38,-0.21999999999999975
2011-02-01,4.64,4.64,4.41,4.5,21000,4.5,-0.13999999999999968
2011-02-02,4.5,4.54,4.4,4.5,24200,4.5,0.0
2011-02-03,4.45,4.45,4.35,4.37,15200,4.37,-0.08000000000000007
2011-02-04,4.35,4.45,4.35,4.38,24400,4.38,0.03000000000000025
2011-02-07,4.55,4.55,4.3,4.36,31000,4.36,-0.1899999999999995
2011-02-08,4.36,4.4,4.3,4.35,13200,4.35,-0.010000000000000675
2011-02-09,4.37,4.38,4.25,4.26,6200,4.26,-0.11000000000000032
2011-02-10,4.26,4.3,4.26,4.27,4300,4.27,0.009999999999999787
2011-02-11,4.26,4.35,4.26,4.29,7900,4.29,0.03000000000000025
2011-02-14,4.26,4.43,4.26,4.43,28900,4.43,0.16999999999999993
2011-02-15,4.32,4.32,3.88,3.98,267200,3.98,-0.3400000000000003
2011-02-16,4.0,4.05,3.9,3.97,125300,3.97,-0.029999999999999805
2011-02-17,3.91,4.09,3.9,3.95,48900,3.95,0.040000000000000036
2011-02-18,4.0,4.05,3.95,3.95,25000,3.95,-0.04999999999999982
2011-02-22,3.95,4.0,3.9,3.9,30200,3.9,-0.050000000000000266
2011-02-23,3.9,4.0,3.9,3.99,66800,3.99,0.0900000000000003
2011-02-24,4.03,4.03,3.86,3.87,34600,3.87,-0.16000000000000014
2011-02-25,3.98,3.98,3.85,3.88,29600,3.88,-0.10000000000000009
2011-02-28,3.88,4.0,3.88,3.95,23500,3.95,0.07000000000000028
2011-03-01,3.95,3.95,3.88,3.88,12700,3.88,-0.07000000000000028
2011-03-02,3.95,4.0,3.89,3.94,6900,3.94,-0.010000000000000231
2011-03-03,3.9,4.0,3.9,4.0,14500,4.0,0.10000000000000009
2011-03-04,3.94,4.0,3.93,3.93,6000,3.93,-0.009999999999999787
2011-03-07,3.9,3.99,3.89,3.93,20800,3.93,0.03000000000000025
2011-03-08,3.9,4.0,3.87,4.0,6600,4.0,0.10000000000000009
2011-03-09,3.91,3.97,3.8,3.86,19800,3.86,-0.050000000000000266
2011-03-10,3.8,3.85,3.48,3.51,57400,3.51,-0.29000000000000004
2011-03-11,3.52,3.77,3.52,3.76,13000,3.76,0.23999999999999977
2011-03-14,3.5,3.71,3.5,3.59,46900,3.59,0.08999999999999986
2011-03-15,3.5,3.59,3.5,3.55,42300,3.55,0.04999999999999982
2011-03-16,3.55,3.65,3.53,3.55,12200,3.55,0.0
2011-03-17,3.5,3.55,3.5,3.55,4200,3.55,0.04999999999999982
2011-03-18,3.5,3.51,3.25,3.25,38500,3.25,-0.25
2011-03-21,3.42,3.42,3.25,3.25,26200,3.25,-0.16999999999999993
2011-03-22,3.2,3.21,2.8,3.0,92800,3.0,-0.20000000000000018
2011-03-23,3.0,3.06,3.0,3.06,12800,3.06,0.06000000000000005
2011-03-24,3.11,3.18,3.1,3.16,24900,3.16,0.050000000000000266
2011-03-25,3.15,3.15,3.1,3.13,2200,3.13,-0.020000000000000018
2011-03-28,3.16,3.18,3.0,3.0,75900,3.0,-0.16000000000000014
2011-03-29,2.98,2.98,2.75,2.86,49900,2.86,-0.1200000000000001
2011-03-30,2.75,2.82,2.5,2.75,180300,2.75,0.0
2011-03-31,2.65,2.65,2.51,2.61,120100,2.61,-0.040000000000000036
2011-04-01,2.56,2.58,2.42,2.47,30200,2.47,-0.08999999999999986
2011-04-04,2.5,2.76,2.5,2.76,35800,2.76,0.2599999999999998
2011-04-05,2.8,2.81,2.66,2.72,30500,2.72,-0.07999999999999963
2011-04-06,2.68,2.7,2.56,2.6,19500,2.6,-0.08000000000000007
2011-04-07,2.65,2.7,2.5,2.52,40700,2.52,-0.1299999999999999
2011-04-08,2.53,2.75,2.5,2.55,26800,2.55,0.020000000000000018
2011-04-11,2.65,2.65,2.52,2.58,24000,2.58,-0.06999999999999984
2011-04-12,2.56,2.56,2.45,2.49,19100,2.49,-0.06999999999999984
2011-04-13,2.56,2.56,2.42,2.5,24300,2.5,-0.06000000000000005
2011-04-14,2.5,2.5,2.4,2.42,14900,2.42,-0.08000000000000007
2011-04-15,2.4,2.4,2.26,2.37,39900,2.37,-0.029999999999999805
2011-04-18,2.3,2.54,2.3,2.54,19600,2.54,0.2400000000000002
2011-04-19,2.55,2.6,2.47,2.53,13000,2.53,-0.020000000000000018
2011-04-20,2.5,2.56,2.5,2.55,12900,2.55,0.04999999999999982
2011-04-21,2.57,2.66,2.57,2.65,22500,2.65,0.08000000000000007
2011-04-25,2.68,2.75,2.65,2.71,30900,2.71,0.029999999999999805
2011-04-26,2.71,2.74,2.7,2.71,48700,2.71,0.0
2011-04-27,2.71,2.71,2.6,2.71,17000,2.71,0.0
2011-04-28,2.69,2.71,2.62,2.71,16400,2.71,0.020000000000000018
2011-04-29,2.71,2.73,2.71,2.71,14000,2.71,0.0
2011-05-02,2.65,2.75,2.6,2.6,7100,2.6,-0.04999999999999982
2011-05-03,2.71,2.73,2.6,2.67,37800,2.67,-0.040000000000000036
2011-05-04,2.65,2.65,2.38,2.38,32000,2.38,-0.27
2011-05-05,2.4,2.55,2.34,2.34,23900,2.34,-0.06000000000000005
2011-05-06,2.42,2.58,2.29,2.37,20000,2.37,-0.04999999999999982
2011-05-09,2.48,2.53,2.41,2.42,9700,2.42,-0.06000000000000005
2011-05-10,2.42,2.48,2.4,2.48,13800,2.48,0.06000000000000005
2011-05-11,2.45,2.45,2.35,2.45,20600,2.45,0.0
2011-05-12,2.43,2.48,2.2,2.36,92100,2.36,-0.07000000000000028
2011-05-13,2.35,2.44,2.12,2.12,74500,2.12,-0.22999999999999998
2011-05-16,2.21,2.24,2.11,2.12,14000,2.12,-0.08999999999999986
2011-05-17,2.17,2.17,2.1,2.16,5300,2.16,-0.009999999999999787
2011-05-18,2.11,2.24,2.11,2.18,6800,2.18,0.07000000000000028
2011-05-19,2.18,2.24,2.18,2.24,8800,2.24,0.06000000000000005
2011-05-20,2.17,2.17,2.13,2.15,3600,2.15,-0.020000000000000018
2011-05-23,2.15,2.19,2.12,2.12,6200,2.12,-0.029999999999999805
2011-05-24,2.11,2.24,2.11,2.15,6200,2.15,0.040000000000000036
2011-05-25,2.2,2.2,2.13,2.13,3200,2.13,-0.07000000000000028
2011-05-26,2.15,2.16,2.13,2.13,7600,2.13,-0.020000000000000018
2011-05-27,2.15,2.19,2.06,2.09,9800,2.09,-0.06000000000000005
2011-05-31,2.1,2.19,2.08,2.14,14200,2.14,0.040000000000000036
2011-06-01,2.19,2.19,2.1,2.1,5700,2.1,-0.08999999999999986
2011-06-02,2.12,2.2,2.11,2.13,5200,2.13,0.009999999999999787
2011-06-03,2.13,2.16,2.13,2.15,5200,2.15,0.020000000000000018
2011-06-06,2.16,2.16,2.13,2.13,500,2.13,-0.03000000000000025
2011-06-07,2.12,2.12,1.79,1.79,37700,1.79,-0.33000000000000007
2011-06-08,1.75,1.85,1.58,1.73,56800,1.73,-0.020000000000000018
2011-06-09,1.68,1.87,1.67,1.67,21300,1.67,-0.010000000000000009
2011-06-10,1.7,1.95,1.7,1.8,31800,1.8,0.10000000000000009
2011-06-13,1.89,1.94,1.87,1.94,9600,1.94,0.050000000000000044
2011-06-14,1.93,1.93,1.91,1.91,7300,1.91,-0.020000000000000018
2011-06-15,1.91,2.04,1.91,1.91,17900,1.91,0.0
2011-06-16,1.91,1.97,1.91,1.91,9100,1.91,0.0
2011-06-17,1.91,1.93,1.67,1.67,50800,1.67,-0.24
2011-06-20,1.66,2.0,1.66,1.77,51700,1.77,0.1100000000000001
2011-06-21,1.76,1.84,1.65,1.65,36700,1.65,-0.1100000000000001
2011-06-22,1.75,1.76,1.65,1.65,42400,1.65,-0.10000000000000009
2011-06-23,1.73,1.85,1.73,1.77,41700,1.77,0.040000000000000036
2011-06-24,1.77,1.77,1.67,1.74,9500,1.74,-0.030000000000000027
2011-06-27,1.76,2.08,1.73,1.83,94400,1.83,0.07000000000000006
2011-06-28,1.83,1.98,1.83,1.88,49600,1.88,0.04999999999999982
2011-06-29,1.91,2.28,1.89,2.02,172600,2.02,0.1100000000000001
2011-06-30,2.19,2.19,1.88,1.91,157000,1.91,-0.28
2011-07-01,1.93,2.01,1.88,1.9,95000,1.9,-0.030000000000000027
2011-07-05,1.9,2.01,1.88,1.9,69300,1.9,0.0
2011-07-06,1.9,1.98,1.86,1.88,107300,1.88,-0.020000000000000018
2011-07-07,1.9,1.97,1.88,1.9,148500,1.9,0.0
2011-07-08,1.9,1.96,1.89,1.9,69100,1.9,0.0
2011-07-11,1.88,1.93,1.86,1.86,41000,1.86,-0.019999999999999796
2011-07-12,1.86,1.89,1.86,1.86,24800,1.86,0.0
2011-07-13,1.86,1.93,1.86,1.88,29200,1.88,0.019999999999999796
2011-07-14,1.88,1.88,1.86,1.87,27700,1.87,-0.009999999999999787
2011-07-15,1.85,1.93,1.85,1.88,32600,1.88,0.029999999999999805
2011-07-18,1.89,1.89,1.85,1.86,17700,1.86,-0.029999999999999805
2011-07-19,1.89,1.92,1.86,1.87,148300,1.87,-0.019999999999999796
2011-07-20,1.89,1.9,1.85,1.9,26200,1.9,0.010000000000000009
2011-07-21,1.88,1.89,1.77,1.87,76600,1.87,-0.009999999999999787
2011-07-22,1.77,1.86,1.77,1.8,56500,1.8,0.030000000000000027
2011-07-25,1.74,1.8,1.73,1.73,26000,1.73,-0.010000000000000009
2011-07-26,1.73,1.74,1.72,1.73,18900,1.73,0.0
2011-07-27,1.78,1.79,1.71,1.78,29600,1.78,0.0
2011-07-28,1.78,1.85,1.72,1.81,20600,1.81,0.030000000000000027
2011-07-29,1.75,1.83,1.73,1.73,34800,1.73,-0.020000000000000018
2011-08-01,1.7,1.72,1.7,1.7,30500,1.7,0.0
2011-08-02,1.7,1.7,1.56,1.56,121100,1.56,-0.1399999999999999
2011-08-03,1.56,1.6,1.38,1.4,167300,1.4,-0.16000000000000014
2011-08-04,1.43,1.49,1.26,1.26,207400,1.26,-0.16999999999999993
2011-08-05,1.29,1.4,1.26,1.31,56400,1.31,0.020000000000000018
2011-08-08,1.33,1.33,1.18,1.28,69700,1.28,-0.050000000000000044
2011-08-09,1.26,1.26,1.21,1.26,43700,1.26,0.0
2011-08-10,1.26,1.26,1.18,1.23,21100,1.23,-0.030000000000000027
2011-08-11,1.23,1.25,0.98,1.03,395200,1.03,-0.19999999999999996
2011-08-12,1.1,1.2,1.08,1.16,171700,1.16,0.05999999999999983
2011-08-15,1.27,1.45,1.26,1.34,887300,1.34,0.07000000000000006
2011-08-16,1.25,1.5,1.25,1.44,318000,1.44,0.18999999999999995
2011-08-17,1.45,1.64,1.44,1.53,314300,1.53,0.08000000000000007
2011-08-18,1.5,1.77,1.45,1.77,215900,1.77,0.27
2011-08-19,1.7,2.18,1.7,2.15,287700,2.15,0.44999999999999996
2011-08-22,2.18,2.38,1.82,1.87,191100,1.87,-0.31000000000000005
2011-08-23,1.85,1.85,1.74,1.76,78500,1.76,-0.09000000000000008
2011-08-24,1.79,1.87,1.77,1.8,14100,1.8,0.010000000000000009
2011-08-25,1.83,1.85,1.8,1.8,11800,1.8,-0.030000000000000027
2011-08-26,1.95,1.95,1.78,1.8,29100,1.8,-0.1499999999999999
2011-08-29,1.8,1.95,1.8,1.91,25800,1.91,0.10999999999999988
2011-08-30,1.94,1.95,1.9,1.92,14600,1.92,-0.020000000000000018
2011-08-31,1.91,1.93,1.8,1.85,51100,1.85,-0.05999999999999983
2011-09-01,1.84,1.84,1.7,1.73,65100,1.73,-0.1100000000000001
2011-09-02,1.74,1.76,1.72,1.73,34000,1.73,-0.010000000000000009
2011-09-06,1.7,1.77,1.65,1.76,43200,1.76,0.06000000000000005
2011-09-07,1.77,1.9,1.72,1.81,17300,1.81,0.040000000000000036
2011-09-08,1.81,1.87,1.73,1.79,7200,1.79,-0.020000000000000018
2011-09-09,1.82,1.82,1.76,1.77,5200,1.77,-0.050000000000000044
2011-09-12,1.71,1.85,1.71,1.76,22800,1.76,0.050000000000000044
2011-09-13,1.77,1.85,1.77,1.85,5800,1.85,0.08000000000000007
2011-09-14,1.84,1.86,1.77,1.83,22300,1.83,-0.010000000000000009
2011-09-15,1.78,1.79,1.7,1.79,9800,1.79,0.010000000000000009
2011-09-16,1.74,1.79,1.72,1.77,8700,1.77,0.030000000000000027
2011-09-19,1.71,1.75,1.66,1.75,16200,1.75,0.040000000000000036
2011-09-20,1.67,1.7,1.65,1.67,15900,1.67,0.0
2011-09-21,1.65,1.74,1.65,1.72,8300,1.72,0.07000000000000006
2011-09-22,1.66,1.66,1.52,1.56,23300,1.56,-0.09999999999999987
2011-09-23,1.52,1.52,1.5,1.5,12600,1.5,-0.020000000000000018
2011-09-26,1.54,1.54,1.52,1.52,12500,1.52,-0.020000000000000018
2011-09-27,1.45,1.5,1.33,1.38,28800,1.38,-0.07000000000000006
2011-09-28,1.37,1.43,1.37,1.43,17100,1.43,0.05999999999999983
2011-09-29,1.44,1.45,1.37,1.4,16500,1.4,-0.040000000000000036
2011-09-30,1.4,1.45,1.4,1.4,39300,1.4,0.0
2011-10-03,1.37,1.37,1.35,1.37,7200,1.37,0.0
2011-10-04,1.32,1.33,1.25,1.3,28000,1.3,-0.020000000000000018
2011-10-05,1.25,1.32,1.25,1.32,13600,1.32,0.07000000000000006
2011-10-06,1.36,1.43,1.33,1.35,9000,1.35,-0.010000000000000009
2011-10-07,1.35,1.35,1.35,1.35,0,1.35,0.0
2011-10-10,1.38,1.46,1.29,1.45,72300,1.45,0.07000000000000006
2011-10-11,1.39,1.44,1.39,1.44,2600,1.44,0.050000000000000044
2011-10-12,1.45,1.62,1.33,1.62,24200,1.62,0.17000000000000015
2011-10-13,1.54,1.55,1.52,1.55,5200,1.55,0.010000000000000009
2011-10-14,1.57,1.63,1.48,1.56,4400,1.56,-0.010000000000000009
2011-10-17,1.57,1.57,1.5,1.53,2800,1.53,-0.040000000000000036
2011-10-18,1.42,1.56,1.4,1.49,500,1.49,0.07000000000000006
2011-10-19,1.52,1.52,1.5,1.51,4000,1.51,-0.010000000000000009
2011-10-20,1.46,1.5,1.45,1.5,4500,1.5,0.040000000000000036
2011-10-21,1.49,1.58,1.49,1.58,1600,1.58,0.09000000000000008
2011-10-24,1.6,1.6,1.59,1.6,7200,1.6,0.0
2011-10-25,1.6,1.62,1.6,1.62,12200,1.62,0.020000000000000018
2011-10-26,1.62,1.67,1.62,1.67,14700,1.67,0.04999999999999982
2011-10-27,1.68,1.75,1.68,1.72,23900,1.72,0.040000000000000036
2011-10-28,1.68,1.78,1.65,1.78,27200,1.78,0.10000000000000009
2011-10-31,1.72,1.77,1.72,1.72,4900,1.72,0.0
2011-11-01,1.7,1.72,1.65,1.66,8100,1.66,-0.040000000000000036
2011-11-02,1.67,1.74,1.66,1.74,400,1.74,0.07000000000000006
2011-11-03,1.74,1.76,1.7,1.75,9800,1.75,0.010000000000000009
2011-11-04,1.67,1.72,1.63,1.71,1500,1.71,0.040000000000000036
2011-11-07,1.71,1.75,1.6,1.74,5300,1.74,0.030000000000000027
2011-11-08,1.73,1.77,1.6,1.69,21300,1.69,-0.040000000000000036
2011-11-09,1.69,1.69,1.69,1.69,0,1.69,0.0
2011-11-10,1.69,1.75,1.69,1.75,1000,1.75,0.06000000000000005
2011-11-11,1.5,1.73,1.49,1.65,14000,1.65,0.1499999999999999
2011-11-14,1.67,1.73,1.61,1.62,17600,1.62,-0.04999999999999982
2011-11-15,1.6,1.7,1.59,1.7,3700,1.7,0.09999999999999987
2011-11-16,1.59,1.63,1.55,1.57,9600,1.57,-0.020000000000000018
2011-11-17,1.5,1.5,1.5,1.5,200,1.5,0.0
2011-11-18,1.55,1.67,1.55,1.67,5000,1.67,0.11999999999999988
2011-11-21,1.67,1.67,1.67,1.67,0,1.67,0.0
2011-11-22,1.59,1.59,1.59,1.59,900,1.59,0.0
2011-11-23,1.59,1.59,1.55,1.58,8400,1.58,-0.010000000000000009
2011-11-25,1.58,1.58,1.58,1.58,0,1.58,0.0
2011-11-28,1.54,1.55,1.51,1.55,8000,1.55,0.010000000000000009
2011-11-29,1.45,1.5,1.41,1.5,3000,1.5,0.050000000000000044
2011-11-30,1.51,1.51,1.45,1.45,18500,1.45,-0.06000000000000005
2011-12-01,1.35,1.48,1.35,1.38,14000,1.38,0.029999999999999805
2011-12-02,1.37,1.52,1.33,1.43,26700,1.43,0.05999999999999983
2011-12-05,1.38,1.41,1.35,1.4,6100,1.4,0.020000000000000018
2011-12-06,1.35,1.57,1.28,1.28,17500,1.28,-0.07000000000000006
2011-12-07,1.26,1.37,1.25,1.28,14900,1.28,0.020000000000000018
2011-12-08,1.25,1.35,1.21,1.22,15700,1.22,-0.030000000000000027
2011-12-09,1.32,1.32,1.22,1.22,2900,1.22,-0.10000000000000009
2011-12-12,1.19,1.25,1.19,1.25,12200,1.25,0.06000000000000005
2011-12-13,1.25,1.25,1.11,1.19,41500,1.19,-0.06000000000000005
2011-12-14,1.19,1.22,1.15,1.15,23100,1.15,-0.040000000000000036
2011-12-15,1.26,1.26,1.15,1.18,8900,1.18,-0.08000000000000007
2011-12-16,1.2,1.2,1.13,1.18,7900,1.18,-0.020000000000000018
2011-12-19,1.13,1.15,1.1,1.11,23300,1.11,-0.019999999999999796
2011-12-20,1.16,1.16,1.08,1.08,42500,1.08,-0.07999999999999985
2011-12-21,1.08,1.16,1.08,1.08,13900,1.08,0.0
2011-12-22,1.15,1.15,1.1,1.11,7400,1.11,-0.039999999999999813
2011-12-23,1.1,1.15,1.1,1.15,31300,1.15,0.04999999999999982
2011-12-27,1.1,1.15,1.1,1.1,9700,1.1,0.0
2011-12-28,1.15,1.15,1.1,1.13,18100,1.13,-0.020000000000000018
2011-12-29,1.15,1.15,1.1,1.13,33600,1.13,-0.020000000000000018
2011-12-30,1.12,1.14,1.08,1.14,32700,1.14,0.019999999999999796
2012-01-03,1.15,1.21,1.15,1.21,11900,1.21,0.06000000000000005
2012-01-04,1.18,1.28,1.18,1.2,10400,1.2,0.020000000000000018
2012-01-05,1.2,1.22,1.19,1.22,6100,1.22,0.020000000000000018
2012-01-06,1.15,1.27,1.15,1.22,2800,1.22,0.07000000000000006
2012-01-09,1.12,1.3,1.12,1.17,17300,1.17,0.04999999999999982
2012-01-10,1.15,1.2,1.11,1.14,19700,1.14,-0.010000000000000009
2012-01-11,1.15,1.29,1.15,1.28,20400,1.28,0.13000000000000012
2012-01-12,1.27,1.28,1.19,1.25,9600,1.25,-0.020000000000000018
2012-01-13,1.25,1.26,1.17,1.18,10000,1.18,-0.07000000000000006
2012-01-17,1.23,1.23,1.18,1.22,2600,1.22,-0.010000000000000009
2012-01-18,1.2,1.26,1.18,1.25,10300,1.25,0.050000000000000044
2012-01-19,1.25,1.25,1.25,1.25,0,1.25,0.0
2012-01-20,1.2,1.3,1.2,1.25,42100,1.25,0.050000000000000044
2012-01-23,1.25,1.39,1.25,1.36,31900,1.36,0.1100000000000001
2012-01-24,1.35,1.38,1.3,1.34,6600,1.34,-0.010000000000000009
2012-01-25,1.35,1.36,1.31,1.31,2900,1.31,-0.040000000000000036
2012-01-26,1.35,1.36,1.25,1.29,8700,1.29,-0.06000000000000005
2012-01-27,1.37,1.37,1.35,1.35,3400,1.35,-0.020000000000000018
2012-01-30,1.37,1.37,1.25,1.28,4500,1.28,-0.09000000000000008
2012-01-31,1.35,1.36,1.26,1.26,7800,1.26,-0.09000000000000008
2012-02-01,1.34,1.35,1.26,1.26,10300,1.26,-0.08000000000000007
2012-02-02,1.33,1.37,1.26,1.27,38100,1.27,-0.06000000000000005
2012-02-03,1.33,1.34,1.28,1.28,4300,1.28,-0.050000000000000044
2012-02-06,1.33,1.37,1.26,1.26,20900,1.26,-0.07000000000000006
2012-02-07,1.28,1.39,1.25,1.37,25400,1.37,0.09000000000000008
2012-02-08,1.36,1.36,1.28,1.35,7600,1.35,-0.010000000000000009
2012-02-09,1.35,1.38,1.28,1.37,30600,1.37,0.020000000000000018
2012-02-10,1.39,1.39,1.3,1.32,15400,1.32,-0.06999999999999984
2012-02-13,1.35,1.4,1.31,1.34,49600,1.34,-0.010000000000000009
2012-02-14,1.34,1.41,1.28,1.28,86700,1.28,-0.06000000000000005
2012-02-15,1.34,1.35,1.27,1.28,23800,1.28,-0.06000000000000005
2012-02-16,1.27,1.38,1.24,1.25,51800,1.25,-0.020000000000000018
2012-02-17,1.26,1.35,1.25,1.25,30800,1.25,-0.010000000000000009
2012-02-21,1.26,1.26,1.24,1.24,33500,1.24,-0.020000000000000018
2012-02-22,1.25,1.25,1.24,1.24,6100,1.24,-0.010000000000000009
2012-02-23,1.25,1.25,1.24,1.24,12500,1.24,-0.010000000000000009
2012-02-24,1.26,1.31,1.26,1.27,11300,1.27,0.010000000000000009
2012-02-27,1.29,1.32,1.27,1.27,22000,1.27,-0.020000000000000018
2012-02-28,1.3,1.32,1.25,1.32,28900,1.32,0.020000000000000018
2012-02-29,1.32,1.32,1.29,1.29,5100,1.29,-0.030000000000000027
2012-03-01,1.31,1.31,1.29,1.29,5100,1.29,-0.020000000000000018
2012-03-02,1.29,1.29,1.25,1.25,2700,1.25,-0.040000000000000036
2012-03-05,1.26,1.3,1.26,1.26,2900,1.26,0.0
2012-03-06,1.25,1.25,1.22,1.22,22300,1.22,-0.030000000000000027
2012-03-07,1.22,1.24,1.21,1.21,23200,1.21,-0.010000000000000009
2012-03-08,1.22,1.25,1.22,1.24,16800,1.24,0.020000000000000018
2012-03-09,1.24,1.3,1.22,1.22,40600,1.22,-0.020000000000000018
2012-03-12,1.21,1.26,1.2,1.21,5900,1.21,0.0
2012-03-13,1.22,1.23,1.2,1.22,8400,1.22,0.0
2012-03-14,1.21,1.3,1.21,1.21,2500,1.21,0.0
2012-03-15,1.2,1.21,1.2,1.21,2300,1.21,0.010000000000000009
2012-03-16,1.2,1.3,1.2,1.28,16500,1.28,0.08000000000000007
2012-03-19,1.3,1.3,1.19,1.29,7500,1.29,-0.010000000000000009
2012-03-20,1.29,1.29,1.22,1.25,8300,1.25,-0.040000000000000036
2012-03-21,1.24,1.25,1.23,1.23,8000,1.23,-0.010000000000000009
2012-03-22,1.23,1.29,1.23,1.23,1900,1.23,0.0
2012-03-23,1.23,1.25,1.23,1.23,1200,1.23,0.0
2012-03-26,1.23,1.25,1.23,1.23,4500,1.23,0.0
2012-03-27,1.24,1.3,1.23,1.29,35700,1.29,0.050000000000000044
2012-03-28,1.28,1.29,1.21,1.21,13900,1.21,-0.07000000000000006
2012-03-29,1.21,1.28,1.21,1.25,5200,1.25,0.040000000000000036
2012-03-30,1.21,1.21,1.18,1.21,3300,1.21,0.0
2012-04-02,1.27,1.29,1.25,1.27,9300,1.27,0.0
2012-04-03,1.25,1.25,1.19,1.19,9000,1.19,-0.06000000000000005
2012-04-04,1.18,1.2,1.16,1.19,6400,1.19,0.010000000000000009
2012-04-05,1.25,1.25,1.25,1.25,300,1.25,0.0
2012-04-09,1.26,1.27,1.2,1.2,14200,1.2,-0.06000000000000005
2012-04-10,1.21,1.21,1.2,1.21,2800,1.21,0.0
2012-04-11,1.26,1.26,1.16,1.16,86800,1.16,-0.10000000000000009
2012-04-12,1.21,1.22,1.17,1.17,35100,1.17,-0.040000000000000036
2012-04-13,1.19,1.21,1.13,1.19,3900,1.19,0.0
2012-04-16,1.19,1.19,1.19,1.19,1200,1.19,0.0
2012-04-17,1.2,1.2,1.11,1.16,5800,1.16,-0.040000000000000036
2012-04-18,1.16,1.16,1.16,1.16,0,1.16,0.0
2012-04-19,1.16,1.16,1.11,1.15,4500,1.15,-0.010000000000000009
2012-04-20,1.15,1.17,1.15,1.17,2500,1.17,0.020000000000000018
2012-04-23,1.13,1.14,1.11,1.12,10500,1.12,-0.009999999999999787
2012-04-24,1.12,1.12,1.03,1.05,26500,1.05,-0.07000000000000006
2012-04-25,1.05,1.06,1.0,1.01,28400,1.01,-0.040000000000000036
2012-04-26,1.02,1.05,1.02,1.04,21700,1.04,0.020000000000000018
2012-04-27,1.05,1.19,1.05,1.06,78000,1.06,0.010000000000000009
2012-04-30,1.06,1.12,1.04,1.06,35800,1.06,0.0
2012-05-01,1.06,1.11,1.06,1.07,5300,1.07,0.010000000000000009
2012-05-02,1.1,1.1,1.02,1.04,2700,1.04,-0.06000000000000005
2012-05-03,1.03,1.07,1.0,1.04,6400,1.04,0.010000000000000009
2012-05-04,1.04,1.04,1.0,1.0,9700,1.0,-0.040000000000000036
2012-05-07,1.0,1.01,1.0,1.01,14500,1.01,0.010000000000000009
2012-05-08,1.0,1.0,0.98,0.99,20800,0.99,-0.010000000000000009
2012-05-09,1.0,1.05,0.99,0.99,16200,0.99,-0.010000000000000009
2012-05-10,1.0,1.01,0.99,1.0,2200,1.0,0.0
2012-05-11,1.01,1.03,0.97,0.99,19300,0.99,-0.020000000000000018
2012-05-14,0.95,1.04,0.95,1.0,6300,1.0,0.050000000000000044
2012-05-15,1.0,1.03,0.95,0.98,8300,0.98,-0.020000000000000018
2012-05-16,0.85,1.11,0.83,0.97,47000,0.97,0.12
2012-05-17,1.04,1.04,0.94,0.95,1300,0.95,-0.09000000000000008
2012-05-18,0.96,0.98,0.95,0.95,3600,0.95,-0.010000000000000009
2012-05-21,1.02,1.02,0.95,0.95,7400,0.95,-0.07000000000000006
2012-05-22,1.01,1.01,1.01,1.01,1200,1.01,0.0
2012-05-23,0.98,1.01,0.95,0.96,18000,0.96,-0.020000000000000018
2012-05-24,0.99,0.99,0.96,0.97,8000,0.97,-0.020000000000000018
2012-05-25,0.97,0.97,0.97,0.97,700,0.97,0.0
2012-05-29,0.96,0.96,0.96,0.96,300,0.96,0.0
2012-05-30,0.99,0.99,0.99,0.99,200,0.99,0.0
2012-05-31,0.96,1.05,0.96,0.98,29300,0.98,0.020000000000000018
2012-06-01,1.05,1.05,1.05,1.05,1000,1.05,0.0
2012-06-04,1.04,1.05,0.97,0.97,13900,0.97,-0.07000000000000006
2012-06-05,0.95,1.04,0.94,0.99,16000,0.99,0.040000000000000036
2012-06-06,1.02,1.02,1.02,1.02,1000,1.02,0.0
2012-06-07,0.95,1.03,0.95,0.96,3200,0.96,0.010000000000000009
2012-06-08,1.03,1.03,0.99,0.99,1200,0.99,-0.040000000000000036
2012-06-11,1.01,1.01,0.95,0.95,10900,0.95,-0.06000000000000005
2012-06-12,0.95,0.95,0.95,0.95,0,0.95,0.0
2012-06-13,1.01,1.01,1.0,1.0,700,1.0,-0.010000000000000009
2012-06-14,1.01,1.01,0.95,0.99,1500,0.99,-0.020000000000000018
2012-06-15,0.99,0.99,0.99,0.99,0,0.99,0.0
2012-06-18,0.99,0.99,0.95,0.96,2500,0.96,-0.030000000000000027
2012-06-19,1.0,1.02,0.95,1.0,7600,1.0,0.0
2012-06-20,1.02,1.05,0.95,1.0,73700,1.0,-0.020000000000000018
2012-06-21,1.03,1.06,1.02,1.03,41500,1.03,0.0
2012-06-22,1.05,1.11,1.02,1.08,77900,1.08,0.030000000000000027
2012-06-25,1.08,1.08,1.06,1.07,13600,1.07,-0.010000000000000009
2012-06-26,1.04,1.2,1.0,1.2,31600,1.2,0.15999999999999992
2012-06-27,1.11,1.19,1.11,1.14,11800,1.14,0.029999999999999805
2012-06-28,1.15,1.21,1.15,1.21,73400,1.21,0.06000000000000005
2012-06-29,1.21,1.37,1.21,1.37,177300,1.37,0.16000000000000014
2012-07-02,1.26,1.35,1.12,1.2,127100,1.2,-0.06000000000000005
2012-07-03,1.15,1.3,1.15,1.25,63000,1.25,0.10000000000000009
2012-07-05,1.22,1.22,1.21,1.21,2800,1.21,-0.010000000000000009
2012-07-06,1.22,1.32,1.2,1.25,81700,1.25,0.030000000000000027
2012-07-09,1.25,1.25,1.15,1.16,30200,1.16,-0.09000000000000008
2012-07-10,1.2,1.25,1.2,1.2,4000,1.2,0.0
2012-07-11,1.19,1.26,1.19,1.25,56600,1.25,0.06000000000000005
2012-07-12,1.26,1.28,1.15,1.21,22000,1.21,-0.050000000000000044
2012-07-13,1.21,1.25,1.18,1.25,1400,1.25,0.040000000000000036
2012-07-16,1.2,1.2,1.16,1.17,18400,1.17,-0.030000000000000027
2012-07-17,1.2,1.2,1.13,1.13,14300,1.13,-0.07000000000000006
2012-07-18,1.13,1.16,1.06,1.12,58500,1.12,-0.009999999999999787
2012-07-19,1.09,1.09,1.0,1.0,21200,1.0,-0.09000000000000008
2012-07-20,0.93,1.04,0.86,0.94,145900,0.94,0.009999999999999898
2012-07-23,0.94,1.0,0.86,0.95,45900,0.95,0.010000000000000009
2012-07-24,0.95,0.95,0.86,0.95,6200,0.95,0.0
2012-07-25,0.95,0.95,0.85,0.87,91700,0.87,-0.07999999999999996
2012-07-26,0.82,0.9,0.72,0.78,83300,0.78,-0.039999999999999925
2012-07-27,0.8,0.88,0.78,0.82,17000,0.82,0.019999999999999907
2012-07-30,0.93,0.93,0.84,0.84,2400,0.84,-0.09000000000000008
2012-07-31,0.85,0.87,0.76,0.76,80600,0.76,-0.08999999999999997
2012-08-01,0.76,0.87,0.71,0.76,26500,0.76,0.0
2012-08-02,0.75,0.75,0.7,0.75,4700,0.75,0.0
2012-08-03,0.75,0.78,0.71,0.76,83100,0.76,0.010000000000000009
2012-08-06,0.78,0.81,0.76,0.76,15100,0.76,-0.020000000000000018
2012-08-07,0.78,0.78,0.76,0.76,16900,0.76,-0.020000000000000018
2012-08-08,0.77,0.87,0.75,0.77,52800,0.77,0.0
2012-08-09,0.77,0.77,0.75,0.76,21200,0.76,-0.010000000000000009
2012-08-10,0.77,1.01,0.77,1.01,285500,1.01,0.24
2012-08-13,1.01,1.03,0.89,0.95,66400,0.95,-0.06000000000000005
2012-08-14,0.79,0.95,0.78,0.94,12100,0.94,0.1499999999999999
2012-08-15,0.76,0.79,0.7,0.73,65800,0.73,-0.030000000000000027
2012-08-16,0.81,0.81,0.74,0.74,12600,0.74,-0.07000000000000006
2012-08-17,0.81,0.81,0.76,0.81,70500,0.81,0.0
2012-08-20,0.84,0.84,0.77,0.84,7100,0.84,0.0
2012-08-21,0.84,0.84,0.79,0.79,6500,0.79,-0.04999999999999993
2012-08-22,0.76,0.8,0.76,0.8,29600,0.8,0.040000000000000036
2012-08-23,0.81,0.81,0.75,0.79,27900,0.79,-0.020000000000000018
2012-08-24,0.75,0.76,0.73,0.73,58500,0.73,-0.020000000000000018
2012-08-27,0.73,0.76,0.72,0.76,80600,0.76,0.030000000000000027
2012-08-28,0.75,0.8,0.73,0.8,23100,0.8,0.050000000000000044
2012-08-29,0.8,0.8,0.76,0.76,16700,0.76,-0.040000000000000036
2012-08-30,0.77,0.8,0.75,0.79,14000,0.79,0.020000000000000018
2012-08-31,0.77,0.8,0.77,0.77,18400,0.77,0.0
2012-09-04,0.77,0.8,0.76,0.76,4600,0.76,-0.010000000000000009
2012-09-05,0.76,0.76,0.73,0.73,6700,0.73,-0.030000000000000027
2012-09-06,0.73,0.75,0.65,0.72,140700,0.72,-0.010000000000000009
2012-09-07,0.71,0.72,0.71,0.71,34000,0.71,0.0
2012-09-10,0.7,0.73,0.7,0.71,121800,0.71,0.010000000000000009
2012-09-11,0.74,0.74,0.69,0.69,28800,0.69,-0.050000000000000044
2012-09-12,0.71,0.74,0.7,0.72,47900,0.72,0.010000000000000009
2012-09-13,0.69,0.74,0.69,0.73,114700,0.73,0.040000000000000036
2012-09-14,0.71,0.75,0.71,0.71,47000,0.71,0.0
2012-09-17,0.71,0.78,0.7,0.7,40200,0.7,-0.010000000000000009
2012-09-18,0.7,0.7,0.68,0.68,103200,0.68,-0.019999999999999907
2012-09-19,0.69,0.71,0.67,0.69,75300,0.69,0.0
2012-09-20,0.71,0.73,0.71,0.71,7400,0.71,0.0
2012-09-21,0.7,0.73,0.7,0.7,83500,0.7,0.0
2012-09-24,0.68,0.71,0.68,0.69,77000,0.69,0.009999999999999898
2012-09-25,0.69,0.7,0.68,0.69,9300,0.69,0.0
2012-09-26,0.7,0.7,0.7,0.7,34900,0.7,0.0
2012-09-27,0.68,0.7,0.68,0.7,1200,0.7,0.019999999999999907
2012-09-28,0.68,0.73,0.68,0.68,22100,0.68,0.0
2012-10-01,0.71,0.71,0.68,0.68,1700,0.68,-0.029999999999999916
2012-10-02,0.68,0.71,0.68,0.71,20300,0.71,0.029999999999999916
2012-10-03,0.68,0.72,0.68,0.72,7400,0.72,0.039999999999999925
2012-10-04,0.72,0.73,0.69,0.69,3600,0.69,-0.030000000000000027
2012-10-05,0.71,0.79,0.67,0.68,47300,0.68,-0.029999999999999916
2012-10-08,0.67,0.7,0.65,0.65,67400,0.65,-0.020000000000000018
2012-10-09,0.72,0.72,0.72,0.72,2000,0.72,0.0
2012-10-10,0.65,0.69,0.65,0.68,22200,0.68,0.030000000000000027
2012-10-11,0.69,0.73,0.69,0.7,11100,0.7,0.010000000000000009
2012-10-12,0.7,0.75,0.7,0.75,127400,0.75,0.050000000000000044
2012-10-15,0.77,0.85,0.77,0.78,39700,0.78,0.010000000000000009
2012-10-16,0.78,0.84,0.75,0.84,14600,0.84,0.05999999999999994
2012-10-17,0.81,0.81,0.76,0.76,7400,0.76,-0.050000000000000044
2012-10-18,0.78,0.78,0.74,0.74,5000,0.74,-0.040000000000000036
2012-10-19,0.74,0.76,0.74,0.74,7500,0.74,0.0
2012-10-22,0.74,0.74,0.7,0.74,27500,0.74,0.0
2012-10-23,0.7,0.81,0.7,0.81,400,0.81,0.1100000000000001
2012-10-24,0.79,0.81,0.76,0.8,5900,0.8,0.010000000000000009
2012-10-25,0.73,0.79,0.7,0.75,7500,0.75,0.020000000000000018
2012-10-26,0.7,0.75,0.69,0.7,28600,0.7,0.0
2012-10-31,0.68,0.71,0.68,0.68,2200,0.68,0.0
2012-11-01,0.72,0.75,0.68,0.72,13700,0.72,0.0
2012-11-02,0.72,0.72,0.72,0.72,0,0.72,0.0
2012-11-05,0.68,0.73,0.68,0.73,31800,0.73,0.04999999999999993
2012-11-06,0.69,0.69,0.69,0.69,300,0.69,0.0
2012-11-07,0.7,0.71,0.7,0.71,13500,0.71,0.010000000000000009
2012-11-08,0.72,0.74,0.72,0.74,7600,0.74,0.020000000000000018
2012-11-09,0.72,0.75,0.72,0.75,31800,0.75,0.030000000000000027
2012-11-12,0.74,0.74,0.74,0.74,6200,0.74,0.0
2012-11-13,0.73,0.75,0.68,0.74,59900,0.74,0.010000000000000009
2012-11-14,0.69,0.69,0.68,0.68,11000,0.68,-0.009999999999999898
2012-11-15,0.68,0.68,0.6,0.66,129000,0.66,-0.020000000000000018
2012-11-16,0.63,0.8,0.63,0.79,110400,0.79,0.16000000000000003
2012-11-19,0.75,1.0,0.72,0.97,151200,0.97,0.21999999999999997
2012-11-20,1.0,1.0,0.85,0.99,174800,0.99,-0.010000000000000009
2012-11-21,0.96,1.02,0.9,1.02,126400,1.02,0.06000000000000005
2012-11-23,0.98,1.07,0.95,1.06,75900,1.06,0.08000000000000007
2012-11-26,1.05,1.16,1.05,1.12,69700,1.12,0.07000000000000006
2012-11-27,1.15,1.28,1.05,1.15,35500,1.15,0.0
2012-11-28,1.15,1.15,1.05,1.12,6100,1.12,-0.029999999999999805
2012-11-29,1.11,1.12,0.8,1.1,60800,1.1,-0.010000000000000009
2012-11-30,1.01,1.08,1.0,1.0,11100,1.0,-0.010000000000000009
2012-12-03,1.0,1.1,0.99,1.08,42200,1.08,0.08000000000000007
2012-12-04,1.08,1.08,0.98,1.05,67000,1.05,-0.030000000000000027
2012-12-05,1.0,1.08,1.0,1.08,10500,1.08,0.08000000000000007
2012-12-06,1.07,1.14,0.98,1.09,51700,1.09,0.020000000000000018
2012-12-07,1.14,1.14,1.02,1.07,4600,1.07,-0.06999999999999984
2012-12-10,1.08,1.08,0.97,1.08,59000,1.08,0.0
2012-12-11,1.08,1.08,0.98,1.01,48000,1.01,-0.07000000000000006
2012-12-12,1.05,1.14,1.01,1.14,112500,1.14,0.08999999999999986
2012-12-13,1.14,1.14,1.07,1.08,11000,1.08,-0.05999999999999983
2012-12-14,1.08,1.08,1.05,1.08,10200,1.08,0.0
2012-12-17,1.05,1.08,1.03,1.08,8700,1.08,0.030000000000000027
2012-12-18,1.13,1.14,1.03,1.14,5700,1.14,0.010000000000000009
2012-12-19,1.14,1.14,1.04,1.13,12500,1.13,-0.010000000000000009
2012-12-20,1.14,1.14,1.12,1.13,8000,1.13,-0.010000000000000009
2012-12-21,1.08,1.12,1.04,1.12,2400,1.12,0.040000000000000036
2012-12-24,1.13,1.14,1.13,1.14,1500,1.14,0.010000000000000009
2012-12-26,1.14,1.14,1.09,1.14,6400,1.14,0.0
2012-12-27,1.04,1.14,1.02,1.11,5600,1.11,0.07000000000000006
2012-12-28,1.06,1.14,1.0,1.07,10300,1.07,0.010000000000000009
2012-12-31,1.09,1.14,1.01,1.14,27800,1.14,0.04999999999999982
2013-01-02,1.14,1.14,1.08,1.14,13700,1.14,0.0
2013-01-03,1.12,1.14,1.12,1.14,300,1.14,0.019999999999999796
2013-01-04,1.07,1.12,1.04,1.06,5100,1.06,-0.010000000000000009
2013-01-07,1.07,1.11,1.03,1.04,7300,1.04,-0.030000000000000027
2013-01-08,1.07,1.14,1.03,1.14,17700,1.14,0.06999999999999984
2013-01-09,1.12,1.13,1.07,1.12,2100,1.12,0.0
2013-01-10,1.13,1.13,1.11,1.11,1200,1.11,-0.019999999999999796
2013-01-11,1.11,1.11,1.04,1.11,700,1.11,0.0
2013-01-14,1.07,1.13,1.05,1.12,11500,1.12,0.050000000000000044
2013-01-15,1.12,1.12,1.12,1.12,0,1.12,0.0
2013-01-16,1.08,1.13,1.08,1.13,11800,1.13,0.04999999999999982
2013-01-17,1.13,1.13,1.06,1.06,400,1.06,-0.06999999999999984
2013-01-18,1.12,1.12,1.07,1.08,6000,1.08,-0.040000000000000036
2013-01-22,1.08,1.08,1.08,1.08,100,1.08,0.0
2013-01-23,0.9,1.08,0.9,1.08,4000,1.08,0.18000000000000005
2013-01-24,1.09,1.09,1.09,1.09,100,1.09,0.0
2013-01-25,1.1,1.1,0.91,1.02,13800,1.02,-0.08000000000000007
2013-01-28,1.03,1.03,1.02,1.03,3100,1.03,0.0
2013-01-29,1.03,1.03,1.03,1.03,0,1.03,0.0
2013-01-30,1.02,1.03,1.02,1.03,5200,1.03,0.010000000000000009
2013-01-31,0.94,0.99,0.83,0.87,2700,0.87,-0.06999999999999995
2013-02-01,0.91,0.91,0.91,0.91,300,0.91,0.0
2013-02-04,1.03,1.03,0.83,0.91,8800,0.91,-0.12
2013-02-05,1.02,1.02,0.91,0.92,4100,0.92,-0.09999999999999998
2013-02-06,0.91,1.02,0.91,0.91,2000,0.91,0.0
2013-02-07,0.93,0.99,0.91,0.99,2800,0.99,0.05999999999999994
2013-02-08,0.99,1.04,0.91,1.04,12900,1.04,0.050000000000000044
2013-02-11,1.04,1.04,0.92,1.02,3300,1.02,-0.020000000000000018
2013-02-12,1.03,1.08,1.03,1.08,1100,1.08,0.050000000000000044
2013-02-13,1.04,1.07,0.95,1.06,5300,1.06,0.020000000000000018
2013-02-14,1.01,1.02,1.01,1.02,1300,1.02,0.010000000000000009
2013-02-15,0.91,0.91,0.79,0.86,134300,0.86,-0.050000000000000044
2013-02-19,0.82,0.82,0.8,0.8,19400,0.8,-0.019999999999999907
2013-02-20,0.8,0.8,0.74,0.76,51100,0.76,-0.040000000000000036
2013-02-21,0.8,0.88,0.76,0.88,6600,0.88,0.07999999999999996
2013-02-22,0.88,0.88,0.81,0.85,5900,0.85,-0.030000000000000027
2013-02-25,0.88,0.9,0.84,0.88,6300,0.88,0.0
2013-02-26,0.89,0.89,0.78,0.89,3300,0.89,0.0
2013-02-27,0.89,0.89,0.89,0.89,0,0.89,0.0
2013-02-28,0.85,0.9,0.77,0.85,5400,0.85,0.0
2013-03-01,0.88,0.9,0.83,0.9,7100,0.9,0.020000000000000018
2013-03-04,0.9,0.9,0.82,0.86,8000,0.86,-0.040000000000000036
2013-03-05,0.86,0.9,0.81,0.82,9500,0.82,-0.040000000000000036
2013-03-06,0.83,0.89,0.8,0.88,5800,0.88,0.050000000000000044
2013-03-07,0.84,0.84,0.81,0.81,1900,0.81,-0.029999999999999916
2013-03-08,0.85,0.85,0.81,0.81,600,0.81,-0.039999999999999925
2013-03-11,0.8,0.85,0.77,0.83,9300,0.83,0.029999999999999916
2013-03-12,0.78,0.84,0.78,0.83,2000,0.83,0.04999999999999993
2013-03-13,0.83,0.83,0.83,0.83,0,0.83,0.0
2013-03-14,0.83,0.83,0.83,0.83,0,0.83,0.0
2013-03-15,0.87,1.15,0.85,1.07,47400,1.07,0.20000000000000007
2013-03-18,1.0,1.14,0.93,1.12,219400,1.12,0.1200000000000001
2013-03-19,1.11,1.11,0.95,1.07,8400,1.07,-0.040000000000000036
2013-03-20,1.05,1.08,1.04,1.08,3000,1.08,0.030000000000000027
2013-03-21,1.08,1.08,1.07,1.07,3500,1.07,-0.010000000000000009
2013-03-22,1.07,1.07,1.07,1.07,0,1.07,0.0
2013-03-25,1.06,1.08,0.95,0.99,15200,0.99,-0.07000000000000006
2013-03-26,0.99,1.08,0.99,1.07,1400,1.07,0.08000000000000007
2013-03-27,1.07,1.07,1.07,1.07,0,1.07,0.0
2013-03-28,1.07,1.07,1.07,1.07,0,1.07,0.0
2013-04-01,0.99,1.01,0.94,0.99,6800,0.99,0.0
2013-04-02,0.99,1.0,0.97,0.97,4500,0.97,-0.020000000000000018
2013-04-03,0.94,1.0,0.94,1.0,3300,1.0,0.06000000000000005
2013-04-04,0.95,0.99,0.94,0.99,2800,0.99,0.040000000000000036
2013-04-05,0.99,0.99,0.99,0.99,0,0.99,0.0
2013-04-08,0.96,0.96,0.88,0.95,3600,0.95,-0.010000000000000009
2013-04-09,0.99,0.99,0.88,0.99,2500,0.99,0.0
2013-04-10,0.89,0.91,0.88,0.88,2900,0.88,-0.010000000000000009
2013-04-11,0.93,0.93,0.89,0.93,4100,0.93,0.0
2013-04-12,0.92,0.93,0.88,0.88,8100,0.88,-0.040000000000000036
2013-04-15,0.86,0.88,0.67,0.76,24600,0.76,-0.09999999999999998
2013-04-16,0.82,0.82,0.76,0.77,4200,0.77,-0.04999999999999993
2013-04-17,0.76,0.8,0.7,0.75,11400,0.75,-0.010000000000000009
2013-04-18,0.72,0.74,0.68,0.71,8500,0.71,-0.010000000000000009
2013-04-19,0.71,0.71,0.71,0.71,0,0.71,0.0
2013-04-22,0.68,0.7,0.66,0.68,21300,0.68,0.0
2013-04-23,0.7,0.76,0.7,0.71,7500,0.71,0.010000000000000009
2013-04-24,0.71,0.71,0.66,0.69,12100,0.69,-0.020000000000000018
2013-04-25,0.67,0.75,0.61,0.69,12300,0.69,0.019999999999999907
2013-04-26,0.68,0.7,0.64,0.69,14000,0.69,0.009999999999999898
2013-04-29,0.7,0.7,0.65,0.65,4400,0.65,-0.04999999999999993
2013-04-30,0.66,0.68,0.66,0.66,3900,0.66,0.0
2013-05-01,0.66,0.66,0.66,0.66,4000,0.66,0.0
2013-05-02,0.66,0.68,0.66,0.67,2200,0.67,0.010000000000000009
2013-05-03,0.68,0.68,0.68,0.68,1000,0.68,0.0
2013-05-06,0.68,0.75,0.66,0.74,20200,0.74,0.05999999999999994
2013-05-07,0.74,0.75,0.7,0.74,14800,0.74,0.0
2013-05-08,0.74,0.74,0.74,0.74,0,0.74,0.0
2013-05-09,0.69,0.69,0.68,0.68,300,0.68,-0.009999999999999898
2013-05-10,0.69,0.71,0.68,0.68,7200,0.68,-0.009999999999999898
2013-05-13,0.66,0.68,0.65,0.68,5300,0.68,0.020000000000000018
2013-05-14,0.61,0.69,0.61,0.69,42500,0.69,0.07999999999999996
2013-05-15,0.69,0.85,0.69,0.77,27200,0.77,0.08000000000000007
2013-05-16,0.75,0.75,0.61,0.67,50200,0.67,-0.07999999999999996
2013-05-17,0.63,0.68,0.63,0.65,7300,0.65,0.020000000000000018
2013-05-20,0.64,0.68,0.63,0.67,3200,0.67,0.030000000000000027
2013-05-21,0.68,0.68,0.6,0.68,17000,0.68,0.0
2013-05-22,0.64,0.67,0.61,0.67,8800,0.67,0.030000000000000027
2013-05-23,0.62,0.68,0.62,0.66,10700,0.66,0.040000000000000036
2013-05-24,0.62,0.62,0.6,0.61,7900,0.61,-0.010000000000000009
2013-05-28,0.6,0.64,0.6,0.64,24900,0.64,0.040000000000000036
2013-05-29,0.62,0.66,0.6,0.66,3000,0.66,0.040000000000000036
2013-05-30,0.63,0.63,0.6,0.63,5300,0.63,0.0
2013-05-31,0.63,0.63,0.61,0.61,3800,0.61,-0.020000000000000018
2013-06-03,0.6,0.64,0.6,0.62,14100,0.62,0.020000000000000018
2013-06-04,0.64,0.66,0.64,0.66,2500,0.66,0.020000000000000018
2013-06-05,0.62,0.62,0.6,0.61,2800,0.61,-0.010000000000000009
2013-06-06,0.7,0.7,0.64,0.65,12500,0.65,-0.04999999999999993
2013-06-07,0.65,0.65,0.63,0.63,2900,0.63,-0.020000000000000018
2013-06-10,0.6,0.63,0.6,0.63,1800,0.63,0.030000000000000027
2013-06-11,0.66,0.66,0.62,0.66,8400,0.66,0.0
2013-06-12,0.66,0.66,0.61,0.61,13100,0.61,-0.050000000000000044
2013-06-13,0.64,0.64,0.61,0.61,47300,0.61,-0.030000000000000027
2013-06-14,0.61,0.61,0.61,0.61,4000,0.61,0.0
2013-06-17,0.65,0.65,0.64,0.65,10000,0.65,0.0
2013-06-18,0.64,0.65,0.64,0.65,5000,0.65,0.010000000000000009
2013-06-19,0.61,0.62,0.6,0.6,12200,0.6,-0.010000000000000009
2013-06-20,0.63,0.63,0.63,0.63,5000,0.63,0.0
2013-06-21,0.61,0.61,0.61,0.61,3100,0.61,0.0
2013-06-24,0.6,0.61,0.58,0.58,23500,0.58,-0.020000000000000018
2013-06-25,0.55,0.62,0.55,0.55,15600,0.55,0.0
2013-06-26,0.56,0.56,0.55,0.55,1100,0.55,-0.010000000000000009
2013-06-27,0.55,0.55,0.55,0.55,0,0.55,0.0
2013-06-28,0.58,0.6,0.56,0.56,9600,0.56,-0.019999999999999907
2013-07-01,0.56,0.75,0.56,0.57,6200,0.57,0.009999999999999898
2013-07-02,0.57,0.57,0.57,0.57,0,0.57,0.0
2013-07-03,0.6,0.68,0.6,0.6,9400,0.6,0.0
2013-07-05,0.58,0.58,0.55,0.55,7900,0.55,-0.029999999999999916
2013-07-08,0.54,0.64,0.53,0.64,8200,0.64,0.09999999999999998
2013-07-09,0.69,0.69,0.56,0.57,23800,0.57,-0.12
2013-07-10,0.6,0.62,0.6,0.6,3300,0.6,0.0
2013-07-11,0.6,0.61,0.57,0.6,11700,0.6,0.0
2013-07-12,0.6,0.6,0.6,0.6,0,0.6,0.0
2013-07-15,0.63,0.65,0.6,0.62,5200,0.62,-0.010000000000000009
2013-07-16,0.58,0.58,0.52,0.52,12300,0.52,-0.05999999999999994
2013-07-17,0.53,0.6,0.53,0.56,12900,0.56,0.030000000000000027
2013-07-18,0.64,0.65,0.63,0.63,2100,0.63,-0.010000000000000009
2013-07-19,0.59,0.77,0.56,0.77,10400,0.77,0.18000000000000005
2013-07-22,0.71,0.71,0.56,0.59,51000,0.59,-0.12
2013-07-23,0.66,0.7,0.57,0.6,4900,0.6,-0.06000000000000005
2013-07-24,0.6,0.6,0.6,0.6,0,0.6,0.0
2013-07-25,0.6,0.6,0.55,0.58,14100,0.58,-0.020000000000000018
2013-07-26,0.6,0.6,0.55,0.56,5700,0.56,-0.039999999999999925
2013-07-29,0.56,0.56,0.56,0.56,6900,0.56,0.0
2013-07-30,0.54,0.55,0.53,0.55,28000,0.55,0.010000000000000009
2013-07-31,0.57,0.57,0.53,0.53,5000,0.53,-0.039999999999999925
2013-08-01,0.53,0.6,0.53,0.55,5300,0.55,0.020000000000000018
2013-08-02,0.56,0.56,0.56,0.56,100,0.56,0.0
2013-08-05,0.55,0.55,0.48,0.5,46900,0.5,-0.050000000000000044
2013-08-06,0.51,0.6,0.51,0.55,27200,0.55,0.040000000000000036
2013-08-07,0.55,0.55,0.55,0.55,0,0.55,0.0
2013-08-08,0.56,0.56,0.56,0.56,3000,0.56,0.0
2013-08-09,0.56,0.56,0.55,0.55,20400,0.55,-0.010000000000000009
2013-08-12,0.56,0.57,0.56,0.57,2000,0.57,0.009999999999999898
2013-08-13,0.56,0.56,0.51,0.51,400,0.51,-0.050000000000000044
2013-08-14,0.51,0.52,0.5,0.5,7500,0.5,-0.010000000000000009
2013-08-15,0.56,0.56,0.5,0.5,1700,0.5,-0.06000000000000005
2013-08-16,0.53,0.61,0.53,0.58,42700,0.58,0.04999999999999993
2013-08-19,0.56,0.57,0.56,0.57,800,0.57,0.009999999999999898
2013-08-20,0.57,0.57,0.57,0.57,3600,0.57,0.0
2013-08-21,0.52,0.56,0.52,0.56,6100,0.56,0.040000000000000036
2013-08-22,0.57,0.57,0.5,0.5,3800,0.5,-0.06999999999999995
2013-08-23,0.56,0.56,0.56,0.56,500,0.56,0.0
2013-08-26,0.56,0.56,0.56,0.56,0,0.56,0.0
2013-08-27,0.56,0.56,0.53,0.53,3500,0.53,-0.030000000000000027
2013-08-28,0.53,0.55,0.53,0.55,4500,0.55,0.020000000000000018
2013-08-29,0.5,0.52,0.5,0.5,9400,0.5,0.0
2013-08-30,0.53,0.53,0.51,0.51,19900,0.51,-0.020000000000000018
2013-09-03,0.53,0.53,0.53,0.53,100,0.53,0.0
2013-09-04,0.53,0.53,0.51,0.51,600,0.51,-0.020000000000000018
2013-09-05,0.53,0.54,0.53,0.54,1800,0.54,0.010000000000000009
2013-09-06,0.55,0.55,0.55,0.55,1200,0.55,0.0
2013-09-09,0.55,0.55,0.55,0.55,0,0.55,0.0
2013-09-10,0.57,0.57,0.47,0.55,9300,0.55,-0.019999999999999907
2013-09-11,0.53,0.56,0.53,0.56,2000,0.56,0.030000000000000027
2013-09-12,0.55,0.56,0.51,0.51,4000,0.51,-0.040000000000000036
2013-09-13,0.5,0.5,0.5,0.5,5000,0.5,0.0
2013-09-16,0.5,0.51,0.48,0.51,5500,0.51,0.010000000000000009
2013-09-17,0.51,0.54,0.51,0.54,3300,0.54,0.030000000000000027
2013-09-18,0.53,0.54,0.48,0.54,3800,0.54,0.010000000000000009
2013-09-19,0.55,0.56,0.55,0.55,17100,0.55,0.0
2013-09-20,0.51,0.51,0.51,0.51,3000,0.51,0.0
2013-09-23,0.52,0.52,0.5,0.52,3900,0.52,0.0
2013-09-24,0.56,0.56,0.56,0.56,2000,0.56,0.0
2013-09-25,0.56,0.56,0.51,0.55,29100,0.55,-0.010000000000000009
2013-09-26,0.53,0.56,0.51,0.51,6100,0.51,-0.020000000000000018
2013-09-27,0.56,0.64,0.56,0.6,71000,0.6,0.039999999999999925
2013-09-30,0.62,0.81,0.62,0.7,153200,0.7,0.07999999999999996
2013-10-01,0.7,0.81,0.7,0.76,82900,0.76,0.06000000000000005
2013-10-02,0.77,1.0,0.77,0.89,133400,0.89,0.12
2013-10-03,0.95,0.97,0.89,0.92,60600,0.92,-0.029999999999999916
2013-10-04,0.92,0.92,0.72,0.86,28300,0.86,-0.06000000000000005
2013-10-07,0.82,0.89,0.78,0.88,44000,0.88,0.06000000000000005
2013-10-08,0.86,0.88,0.75,0.88,13900,0.88,0.020000000000000018
2013-10-09,0.83,0.83,0.76,0.78,600,0.78,-0.04999999999999993
2013-10-10,0.87,0.87,0.77,0.77,10700,0.77,-0.09999999999999998
2013-10-11,0.83,0.88,0.76,0.83,20400,0.83,0.0
2013-10-14,0.83,0.86,0.77,0.84,24700,0.84,0.010000000000000009
2013-10-15,0.84,0.84,0.81,0.84,32700,0.84,0.0
2013-10-16,0.88,0.95,0.82,0.85,23800,0.85,-0.030000000000000027
2013-10-17,0.86,1.09,0.86,1.03,244400,1.03,0.17000000000000004
2013-10-18,1.14,1.99,1.06,1.54,1884000,1.54,0.40000000000000013
2013-10-21,1.57,1.66,1.16,1.28,663800,1.28,-0.29000000000000004
2013-10-22,1.23,1.24,1.12,1.19,174100,1.19,-0.040000000000000036
2013-10-23,1.19,1.19,1.02,1.08,256000,1.08,-0.10999999999999988
2013-10-24,1.05,1.09,0.92,1.04,120900,1.04,-0.010000000000000009
2013-10-25,1.09,1.18,1.01,1.04,109700,1.04,-0.050000000000000044
2013-10-28,1.04,1.04,0.93,0.98,96200,0.98,-0.06000000000000005
2013-10-29,0.96,1.05,0.96,1.03,84600,1.03,0.07000000000000006
2013-10-30,1.05,1.05,0.98,1.0,47900,1.0,-0.050000000000000044
2013-10-31,1.01,1.01,0.97,0.98,25100,0.98,-0.030000000000000027
2013-11-01,0.98,1.0,0.96,0.99,34500,0.99,0.010000000000000009
2013-11-04,0.99,0.99,0.94,0.95,33200,0.95,-0.040000000000000036
2013-11-05,0.94,0.99,0.93,0.99,34500,0.99,0.050000000000000044
2013-11-06,0.99,1.32,0.98,1.16,270900,1.16,0.16999999999999993
2013-11-07,1.16,1.23,1.05,1.06,89900,1.06,-0.09999999999999987
2013-11-08,1.05,1.14,1.0,1.06,144700,1.06,0.010000000000000009
2013-11-11,1.06,1.1,1.06,1.09,15600,1.09,0.030000000000000027
2013-11-12,1.09,1.1,1.05,1.05,36200,1.05,-0.040000000000000036
2013-11-13,1.09,1.17,1.06,1.14,103700,1.14,0.04999999999999982
2013-11-14,1.12,1.19,1.12,1.18,125900,1.18,0.05999999999999983
2013-11-15,1.2,1.21,1.05,1.08,126800,1.08,-0.11999999999999988
2013-11-18,1.13,1.14,1.08,1.09,50800,1.09,-0.039999999999999813
2013-11-19,1.06,1.09,1.0,1.02,74100,1.02,-0.040000000000000036
2013-11-20,1.0,1.05,1.0,1.02,10100,1.02,0.020000000000000018
2013-11-21,1.0,1.03,0.98,0.98,68900,0.98,-0.020000000000000018
2013-11-22,0.94,0.99,0.93,0.95,35800,0.95,0.010000000000000009
2013-11-25,0.95,0.95,0.85,0.87,90300,0.87,-0.07999999999999996
2013-11-26,0.85,0.89,0.65,0.85,133100,0.85,0.0
2013-11-27,0.84,0.85,0.84,0.85,6700,0.85,0.010000000000000009
2013-11-29,0.9,0.9,0.78,0.8,23500,0.8,-0.09999999999999998
2013-12-02,0.83,0.86,0.83,0.86,21700,0.86,0.030000000000000027
2013-12-03,0.9,0.9,0.89,0.89,49300,0.89,-0.010000000000000009
2013-12-04,0.88,0.93,0.88,0.92,37000,0.92,0.040000000000000036
2013-12-05,0.89,0.92,0.86,0.87,13700,0.87,-0.020000000000000018
2013-12-06,0.88,0.9,0.88,0.88,6800,0.88,0.0
2013-12-09,0.87,0.88,0.86,0.86,11300,0.86,-0.010000000000000009
2013-12-10,0.86,0.88,0.86,0.86,27700,0.86,0.0
2013-12-11,0.9,0.9,0.86,0.87,10600,0.87,-0.030000000000000027
2013-12-12,0.87,0.9,0.87,0.87,46200,0.87,0.0
2013-12-13,0.91,0.94,0.88,0.94,12800,0.94,0.029999999999999916
2013-12-16,0.9,0.96,0.88,0.96,7300,0.96,0.05999999999999994
2013-12-17,0.95,0.96,0.95,0.95,19400,0.95,0.0
2013-12-18,0.96,0.96,0.93,0.95,40400,0.95,-0.010000000000000009
2013-12-19,0.93,0.97,0.93,0.95,18400,0.95,0.019999999999999907
2013-12-20,0.94,0.94,0.94,0.94,1000,0.94,0.0
2013-12-23,0.94,0.99,0.93,0.97,21000,0.97,0.030000000000000027
2013-12-24,0.95,0.99,0.91,0.92,19300,0.92,-0.029999999999999916
2013-12-26,0.95,0.95,0.95,0.95,3900,0.95,0.0
2013-12-27,0.95,0.96,0.95,0.96,33700,0.96,0.010000000000000009
2013-12-30,0.95,0.95,0.95,0.95,1000,0.95,0.0
2013-12-31,0.95,0.97,0.95,0.96,33400,0.96,0.010000000000000009
2014-01-02,0.97,1.16,0.97,1.14,254600,1.14,0.16999999999999993
2014-01-03,1.18,1.18,1.05,1.1,71500,1.1,-0.07999999999999985
2014-01-06,1.03,1.17,1.01,1.03,53900,1.03,0.0
2014-01-07,1.05,1.09,1.0,1.03,61200,1.03,-0.020000000000000018
2014-01-08,1.07,1.15,1.02,1.07,38800,1.07,0.0
2014-01-09,1.07,1.17,1.07,1.13,76600,1.13,0.05999999999999983
2014-01-10,1.18,1.9,1.17,1.4,2255700,1.4,0.21999999999999997
2014-01-13,1.4,1.5,1.3,1.35,353100,1.35,-0.04999999999999982
2014-01-14,1.32,1.4,1.25,1.37,234200,1.37,0.050000000000000044
2014-01-15,1.41,1.49,1.36,1.44,229100,1.44,0.030000000000000027
2014-01-16,1.43,1.58,1.42,1.52,290200,1.52,0.09000000000000008
2014-01-17,1.58,1.71,1.44,1.49,616300,1.49,-0.09000000000000008
2014-01-21,1.47,1.64,1.41,1.61,178400,1.61,0.14000000000000012
2014-01-22,1.62,1.7,1.52,1.59,200800,1.59,-0.030000000000000027
2014-01-23,1.58,1.58,1.51,1.51,41600,1.51,-0.07000000000000006
2014-01-24,1.46,1.5,1.45,1.49,109800,1.49,0.030000000000000027
2014-01-27,1.46,1.55,1.35,1.4,102600,1.4,-0.06000000000000005
2014-01-28,1.4,1.54,1.35,1.44,134000,1.44,0.040000000000000036
2014-01-29,1.4,1.55,1.35,1.54,101800,1.54,0.14000000000000012
2014-01-30,1.54,1.57,1.43,1.48,24200,1.48,-0.06000000000000005
2014-01-31,1.49,1.54,1.46,1.47,17400,1.47,-0.020000000000000018
2014-02-03,1.48,1.48,1.43,1.46,12100,1.46,-0.020000000000000018
2014-02-04,1.42,1.46,1.37,1.42,85200,1.42,0.0
2014-02-05,1.38,1.45,1.38,1.41,22400,1.41,0.030000000000000027
2014-02-06,1.36,1.39,1.35,1.35,138000,1.35,-0.010000000000000009
2014-02-07,1.35,1.39,1.34,1.35,26500,1.35,0.0
2014-02-10,1.38,1.41,1.3,1.38,78900,1.38,0.0
2014-02-11,1.37,1.48,1.35,1.43,92100,1.43,0.05999999999999983
2014-02-12,1.43,1.43,1.37,1.4,60600,1.4,-0.030000000000000027
2014-02-13,1.4,1.63,1.4,1.56,469100,1.56,0.16000000000000014
2014-02-14,1.6,1.78,1.58,1.61,617200,1.61,0.010000000000000009
2014-02-18,1.65,1.69,1.65,1.65,194800,1.65,0.0
2014-02-19,1.7,1.7,1.43,1.47,242600,1.47,-0.22999999999999998
2014-02-20,1.43,1.5,1.4,1.49,280000,1.49,0.06000000000000005
2014-02-21,1.53,1.53,1.45,1.45,75200,1.45,-0.08000000000000007
2014-02-24,1.45,1.56,1.45,1.46,68700,1.46,0.010000000000000009
2014-02-25,1.45,1.57,1.45,1.45,78500,1.45,0.0
2014-02-26,1.51,1.69,1.49,1.69,174700,1.69,0.17999999999999994
2014-02-27,1.69,1.79,1.62,1.74,176800,1.74,0.050000000000000044
2014-02-28,1.78,1.84,1.61,1.7,164000,1.7,-0.08000000000000007
2014-03-03,1.7,1.8,1.68,1.74,133100,1.74,0.040000000000000036
2014-03-04,1.78,1.95,1.78,1.9,626100,1.9,0.11999999999999988
2014-03-05,1.98,2.84,1.98,2.25,1418700,2.25,0.27
2014-03-06,2.35,2.35,2.1,2.3,444500,2.3,-0.050000000000000266
2014-03-07,2.35,2.35,2.18,2.31,233200,2.31,-0.040000000000000036
2014-03-10,2.35,2.35,2.04,2.2,326800,2.2,-0.1499999999999999
2014-03-11,2.16,2.3,2.1,2.18,179100,2.18,0.020000000000000018
2014-03-12,2.2,2.2,1.92,2.07,209000,2.07,-0.13000000000000034
2014-03-13,2.12,2.12,1.9,1.92,133700,1.92,-0.20000000000000018
2014-03-14,1.9,1.98,1.9,1.93,60700,1.93,0.030000000000000027
2014-03-17,1.95,2.12,1.93,2.01,143800,2.01,0.05999999999999983
2014-03-18,2.01,2.09,2.01,2.06,100300,2.06,0.050000000000000266
2014-03-19,2.1,2.1,1.93,2.0,89100,2.0,-0.10000000000000009
2014-03-20,1.96,2.35,1.96,2.34,432300,2.34,0.3799999999999999
2014-03-21,2.33,2.66,2.3,2.58,641900,2.58,0.25
2014-03-24,2.67,2.69,2.25,2.32,196900,2.32,-0.3500000000000001
2014-03-25,2.25,2.4,2.22,2.33,146300,2.33,0.08000000000000007
2014-03-26,2.35,2.43,2.22,2.29,91900,2.29,-0.06000000000000005
2014-03-27,2.38,2.38,2.0,2.07,142000,2.07,-0.31000000000000005
2014-03-28,2.03,2.18,2.0,2.12,98300,2.12,0.0900000000000003
2014-03-31,2.16,2.2,2.05,2.07,39400,2.07,-0.0900000000000003
2014-04-01,2.12,2.25,2.05,2.22,54100,2.22,0.10000000000000009
2014-04-02,2.25,2.25,2.05,2.18,62600,2.18,-0.06999999999999984
2014-04-03,2.17,2.17,2.07,2.08,46300,2.08,-0.08999999999999986
2014-04-04,2.13,2.23,2.0,2.0,90000,2.0,-0.1299999999999999
2014-04-07,2.01,2.15,1.95,2.07,41700,2.07,0.06000000000000005
2014-04-08,2.09,2.2,2.03,2.19,92300,2.19,0.10000000000000009
2014-04-09,2.24,2.25,2.04,2.15,16800,2.15,-0.0900000000000003
2014-04-10,2.2,2.25,2.1,2.1,80700,2.1,-0.10000000000000009
2014-04-11,2.05,2.16,1.98,2.16,35700,2.16,0.11000000000000032
2014-04-14,2.14,2.29,2.0,2.18,55200,2.18,0.040000000000000036
2014-04-15,2.13,2.16,2.0,2.02,81800,2.02,-0.10999999999999988
2014-04-16,2.02,2.16,2.0,2.12,26300,2.12,0.10000000000000009
2014-04-17,2.07,2.12,2.01,2.06,24000,2.06,-0.009999999999999787
2014-04-21,2.04,2.12,2.02,2.07,9700,2.07,0.029999999999999805
2014-04-22,2.06,2.17,2.01,2.13,71500,2.13,0.06999999999999984
2014-04-23,2.11,2.14,2.03,2.11,71400,2.11,0.0
2014-04-24,2.11,2.11,2.06,2.08,31000,2.08,-0.029999999999999805
2014-04-25,2.07,2.16,2.07,2.15,37200,2.15,0.08000000000000007
2014-04-28,2.13,2.13,2.03,2.03,31100,2.03,-0.10000000000000009
2014-04-29,2.05,2.08,2.0,2.03,20100,2.03,-0.020000000000000018
2014-04-30,2.06,2.09,2.04,2.04,21600,2.04,-0.020000000000000018
2014-05-01,2.03,2.06,2.03,2.05,4200,2.05,0.020000000000000018
2014-05-02,2.04,2.04,1.98,1.99,30900,1.99,-0.050000000000000044
2014-05-05,1.97,2.16,1.96,2.05,87700,2.05,0.07999999999999985
2014-05-06,2.04,2.05,2.0,2.02,13000,2.02,-0.020000000000000018
2014-05-07,1.99,2.05,1.97,1.97,20300,1.97,-0.020000000000000018
2014-05-08,2.0,2.0,1.93,1.98,40900,1.98,-0.020000000000000018
2014-05-09,1.93,2.01,1.9,1.97,62800,1.97,0.040000000000000036
2014-05-12,1.98,2.2,1.95,2.12,148500,2.12,0.14000000000000012
2014-05-13,2.12,2.13,2.05,2.05,19400,2.05,-0.07000000000000028
2014-05-14,2.05,2.05,1.97,2.0,13800,2.0,-0.04999999999999982
2014-05-15,1.97,2.1,1.92,2.08,70900,2.08,0.1100000000000001
2014-05-16,2.03,2.03,1.9,1.96,40900,1.96,-0.06999999999999984
2014-05-19,1.91,1.95,1.72,1.73,108400,1.73,-0.17999999999999994
2014-05-20,1.66,1.66,1.47,1.56,120400,1.56,-0.09999999999999987
2014-05-21,1.56,1.67,1.56,1.62,30900,1.62,0.06000000000000005
2014-05-22,1.65,1.7,1.57,1.68,56900,1.68,0.030000000000000027
2014-05-23,1.64,1.64,1.45,1.63,51800,1.63,-0.010000000000000009
2014-05-27,1.74,1.74,1.56,1.68,94500,1.68,-0.06000000000000005
2014-05-28,1.62,1.94,1.59,1.81,78200,1.81,0.18999999999999995
2014-05-29,1.8,1.8,1.72,1.76,7900,1.76,-0.040000000000000036
2014-05-30,1.73,1.96,1.73,1.78,32500,1.78,0.050000000000000044
2014-06-02,1.75,1.88,1.65,1.71,22700,1.71,-0.040000000000000036
2014-06-03,1.66,1.77,1.59,1.66,31100,1.66,0.0
2014-06-04,1.72,1.72,1.6,1.62,13000,1.62,-0.09999999999999987
2014-06-05,1.64,1.7,1.53,1.64,21100,1.64,0.0
2014-06-06,1.62,1.64,1.58,1.62,16300,1.62,0.0
2014-06-09,1.59,1.69,1.57,1.61,9100,1.61,0.020000000000000018
2014-06-10,1.65,1.8,1.65,1.7,62900,1.7,0.050000000000000044
2014-06-11,1.68,1.7,1.58,1.69,51300,1.69,0.010000000000000009
2014-06-12,1.67,1.67,1.59,1.61,3700,1.61,-0.05999999999999983
2014-06-13,1.54,1.6,1.52,1.6,24600,1.6,0.06000000000000005
2014-06-16,1.57,1.62,1.52,1.57,25200,1.57,0.0
2014-06-17,1.6,1.64,1.53,1.63,30900,1.63,0.029999999999999805
2014-06-18,1.65,1.71,1.61,1.61,15600,1.61,-0.039999999999999813
2014-06-19,1.64,1.66,1.61,1.63,14800,1.63,-0.010000000000000009
2014-06-20,1.63,1.67,1.5,1.55,48200,1.55,-0.07999999999999985
2014-06-23,1.55,1.56,1.51,1.51,14700,1.51,-0.040000000000000036
2014-06-24,1.51,1.56,1.5,1.52,31500,1.52,0.010000000000000009
2014-06-25,1.52,1.55,1.5,1.53,5700,1.53,0.010000000000000009
2014-06-26,1.51,1.53,1.44,1.52,170600,1.52,0.010000000000000009
2014-06-27,1.5,1.5,1.43,1.43,44100,1.43,-0.07000000000000006
2014-06-30,1.45,1.54,1.43,1.44,81400,1.44,-0.010000000000000009
2014-07-01,1.44,1.53,1.44,1.52,18000,1.52,0.08000000000000007
2014-07-02,1.47,1.63,1.47,1.6,30200,1.6,0.13000000000000012
2014-07-03,1.6,1.8,1.6,1.69,24200,1.69,0.08999999999999986
2014-07-07,1.69,1.71,1.6,1.6,24900,1.6,-0.08999999999999986
2014-07-08,1.6,1.64,1.6,1.64,4400,1.64,0.039999999999999813
2014-07-09,1.61,1.61,1.53,1.58,11100,1.58,-0.030000000000000027
2014-07-10,1.53,1.59,1.53,1.56,11800,1.56,0.030000000000000027
2014-07-11,1.58,1.58,1.54,1.55,7600,1.55,-0.030000000000000027
2014-07-14,1.63,1.63,1.53,1.54,14200,1.54,-0.08999999999999986
2014-07-15,1.54,1.56,1.47,1.49,15400,1.49,-0.050000000000000044
2014-07-16,1.47,1.5,1.45,1.48,5700,1.48,0.010000000000000009
2014-07-17,1.64,1.64,1.45,1.45,18400,1.45,-0.18999999999999995
2014-07-18,1.46,1.58,1.44,1.47,29900,1.47,0.010000000000000009
2014-07-21,1.45,1.55,1.44,1.45,59200,1.45,0.0
2014-07-22,1.56,1.75,1.47,1.58,36700,1.58,0.020000000000000018
2014-07-23,1.68,1.68,1.59,1.61,9300,1.61,-0.06999999999999984
2014-07-24,1.57,1.64,1.53,1.53,7300,1.53,-0.040000000000000036
2014-07-25,1.54,1.64,1.54,1.56,95500,1.56,0.020000000000000018
2014-07-28,1.59,1.63,1.53,1.58,148300,1.58,-0.010000000000000009
2014-07-29,1.5,1.6,1.5,1.54,30200,1.54,0.040000000000000036
2014-07-30,1.52,1.59,1.51,1.56,3000,1.56,0.040000000000000036
2014-07-31,1.56,1.61,1.5,1.52,6800,1.52,-0.040000000000000036
2014-08-01,1.52,1.54,1.42,1.45,29400,1.45,-0.07000000000000006
2014-08-04,1.51,1.54,1.42,1.43,9400,1.43,-0.08000000000000007
2014-08-05,1.43,1.52,1.42,1.52,22100,1.52,0.09000000000000008
2014-08-06,1.52,1.53,1.52,1.52,4500,1.52,0.0
2014-08-07,1.52,1.52,1.43,1.43,6500,1.43,-0.09000000000000008
2014-08-08,1.48,1.51,1.45,1.48,5200,1.48,0.0
2014-08-11,1.48,1.51,1.44,1.45,9400,1.45,-0.030000000000000027
2014-08-12,1.48,1.51,1.43,1.51,12500,1.51,0.030000000000000027
2014-08-13,1.47,1.51,1.4,1.49,44600,1.49,0.020000000000000018
2014-08-14,1.46,1.55,1.4,1.42,46200,1.42,-0.040000000000000036
2014-08-15,1.49,1.5,1.42,1.46,9000,1.46,-0.030000000000000027
2014-08-18,1.48,1.49,1.4,1.4,21000,1.4,-0.08000000000000007
2014-08-19,1.45,1.53,1.4,1.47,15200,1.47,0.020000000000000018
2014-08-20,1.5,1.5,1.41,1.42,3400,1.42,-0.08000000000000007
2014-08-21,1.48,1.49,1.41,1.44,38100,1.44,-0.040000000000000036
2014-08-22,1.47,1.47,1.44,1.45,2100,1.45,-0.020000000000000018
2014-08-25,1.48,1.48,1.44,1.44,1500,1.44,-0.040000000000000036
2014-08-26,1.43,1.43,1.25,1.32,54800,1.32,-0.10999999999999988
2014-08-27,1.3,1.37,1.3,1.36,15400,1.36,0.06000000000000005
2014-08-28,1.36,1.42,1.36,1.4,21500,1.4,0.039999999999999813
2014-08-29,1.4,1.42,1.4,1.42,3900,1.42,0.020000000000000018
2014-09-02,1.35,1.42,1.34,1.36,36600,1.36,0.010000000000000009
2014-09-03,1.36,1.46,1.36,1.41,50200,1.41,0.04999999999999982
2014-09-04,1.42,1.49,1.38,1.4,13000,1.4,-0.020000000000000018
2014-09-05,1.4,1.4,1.38,1.4,3800,1.4,0.0
2014-09-08,1.4,1.6,1.3,1.45,287800,1.45,0.050000000000000044
2014-09-09,1.43,1.53,1.4,1.5,28500,1.5,0.07000000000000006
2014-09-10,1.44,1.46,1.41,1.41,32500,1.41,-0.030000000000000027
2014-09-11,1.44,1.53,1.33,1.34,36800,1.34,-0.09999999999999987
2014-09-12,1.39,1.45,1.35,1.37,11200,1.37,-0.019999999999999796
2014-09-15,1.39,1.39,1.3,1.34,29300,1.34,-0.04999999999999982
2014-09-16,1.34,1.45,1.31,1.45,134000,1.45,0.10999999999999988
2014-09-17,1.44,1.44,1.35,1.35,13000,1.35,-0.08999999999999986
2014-09-18,1.41,1.41,1.3,1.31,20400,1.31,-0.09999999999999987
2014-09-19,1.35,1.59,1.31,1.41,240400,1.41,0.05999999999999983
2014-09-22,1.49,1.98,1.46,1.89,477900,1.89,0.3999999999999999
2014-09-23,2.43,2.43,1.92,2.16,724100,2.16,-0.27
2014-09-24,2.16,2.16,1.68,1.68,196900,1.68,-0.4800000000000002
2014-09-25,1.7,1.89,1.64,1.75,98400,1.75,0.050000000000000044
2014-09-26,1.72,1.92,1.71,1.89,72900,1.89,0.16999999999999993
2014-09-29,1.85,1.99,1.84,1.96,28000,1.96,0.10999999999999988
2014-09-30,1.94,2.1,1.73,1.94,88800,1.94,0.0
2014-10-01,1.9,2.06,1.82,1.82,42100,1.82,-0.07999999999999985
2014-10-02,1.81,1.96,1.8,1.95,10600,1.95,0.1399999999999999
2014-10-03,1.9,1.95,1.88,1.91,8700,1.91,0.010000000000000009
2014-10-06,1.89,1.94,1.73,1.77,25300,1.77,-0.11999999999999988
2014-10-07,1.77,1.86,1.73,1.78,23900,1.78,0.010000000000000009
2014-10-08,1.83,1.89,1.77,1.86,32300,1.86,0.030000000000000027
2014-10-09,1.76,1.9,1.76,1.82,30400,1.82,0.06000000000000005
2014-10-10,1.79,1.82,1.75,1.75,11400,1.75,-0.040000000000000036
2014-10-13,1.73,1.75,1.5,1.56,25200,1.56,-0.16999999999999993
2014-10-14,1.52,1.52,1.4,1.43,40000,1.43,-0.09000000000000008
2014-10-15,1.44,1.52,1.43,1.43,10700,1.43,-0.010000000000000009
2014-10-16,1.48,1.58,1.48,1.5,10500,1.5,0.020000000000000018
2014-10-17,1.56,1.56,1.43,1.45,10900,1.45,-0.1100000000000001
2014-10-20,1.47,1.52,1.44,1.52,5100,1.52,0.050000000000000044
2014-10-21,1.52,1.56,1.47,1.51,12300,1.51,-0.010000000000000009
2014-10-22,1.54,1.56,1.42,1.43,4100,1.43,-0.1100000000000001
2014-10-23,1.4,1.45,1.4,1.41,10300,1.41,0.010000000000000009
2014-10-24,1.44,1.51,1.44,1.45,23400,1.45,0.010000000000000009
2014-10-27,1.5,1.85,1.5,1.65,82100,1.65,0.1499999999999999
2014-10-28,1.73,1.83,1.55,1.72,38700,1.72,-0.010000000000000009
2014-10-29,1.74,1.78,1.71,1.78,11400,1.78,0.040000000000000036
2014-10-30,1.78,1.78,1.75,1.77,12100,1.77,-0.010000000000000009
2014-10-31,1.72,1.8,1.72,1.8,8500,1.8,0.08000000000000007
2014-11-03,1.78,1.8,1.73,1.8,12400,1.8,0.020000000000000018
2014-11-04,1.8,1.8,1.64,1.75,12000,1.75,-0.050000000000000044
2014-11-05,1.73,1.78,1.67,1.77,8700,1.77,0.040000000000000036
2014-11-06,1.73,1.79,1.71,1.71,11500,1.71,-0.020000000000000018
2014-11-07,1.75,1.78,1.72,1.73,24200,1.73,-0.020000000000000018
2014-11-10,1.76,1.86,1.76,1.86,9900,1.86,0.10000000000000009
2014-11-11,1.8,2.15,1.8,1.85,45300,1.85,0.050000000000000044
2014-11-12,1.9,1.99,1.79,1.99,17900,1.99,0.09000000000000008
2014-11-13,2.02,2.34,1.89,2.02,318400,2.02,0.0
2014-11-14,2.0,2.08,1.92,1.99,36400,1.99,-0.010000000000000009
2014-11-17,1.96,2.02,1.86,1.94,20600,1.94,-0.020000000000000018
2014-11-18,1.95,1.96,1.87,1.89,12900,1.89,-0.06000000000000005
2014-11-19,1.99,2.0,1.88,1.98,97700,1.98,-0.010000000000000009
2014-11-20,2.08,2.29,2.08,2.2,383800,2.2,0.1200000000000001
2014-11-21,2.25,2.25,2.03,2.18,33300,2.18,-0.06999999999999984
2014-11-24,2.1,2.2,2.1,2.12,45800,2.12,0.020000000000000018
2014-11-25,2.13,2.13,2.1,2.11,12000,2.11,-0.020000000000000018
2014-11-26,2.1,2.15,2.1,2.11,8700,2.11,0.009999999999999787
2014-11-28,2.11,2.11,2.05,2.05,30400,2.05,-0.06000000000000005
2014-12-01,2.06,2.17,2.05,2.05,17000,2.05,-0.010000000000000231
2014-12-02,2.08,2.08,2.02,2.03,29300,2.03,-0.050000000000000266
2014-12-03,2.0,2.0,1.9,1.92,25600,1.92,-0.08000000000000007
2014-12-04,2.15,2.25,1.95,2.08,38900,2.08,-0.06999999999999984
2014-12-05,2.08,2.19,2.08,2.15,17600,2.15,0.06999999999999984
2014-12-08,2.15,2.18,2.06,2.06,31100,2.06,-0.08999999999999986
2014-12-09,1.95,2.1,1.92,2.08,7200,2.08,0.13000000000000012
2014-12-10,2.05,2.06,2.04,2.05,7000,2.05,0.0
2014-12-11,2.09,2.17,2.08,2.1,13900,2.1,0.010000000000000231
2014-12-12,2.11,2.16,2.1,2.12,4100,2.12,0.010000000000000231
2014-12-15,2.17,2.32,2.0,2.32,41700,2.32,0.1499999999999999
2014-12-16,2.25,2.25,2.01,2.18,55800,2.18,-0.06999999999999984
2014-12-17,2.11,2.12,2.01,2.08,31500,2.08,-0.029999999999999805
2014-12-18,2.07,2.07,2.0,2.01,12800,2.01,-0.06000000000000005
2014-12-19,2.03,2.03,1.95,2.02,19100,2.02,-0.009999999999999787
2014-12-22,2.01,2.07,2.01,2.06,6600,2.06,0.050000000000000266
2014-12-23,2.03,2.1,1.98,1.99,10800,1.99,-0.039999999999999813
2014-12-24,2.0,2.03,1.97,2.01,2900,2.01,0.009999999999999787
2014-12-26,2.04,2.04,2.0,2.04,20800,2.04,0.0
2014-12-29,2.06,2.85,2.06,2.61,1316900,2.61,0.5499999999999998
2014-12-30,2.82,3.5,2.82,3.15,4875100,3.15,0.33000000000000007
2014-12-31,3.0,3.1,2.58,2.9,619000,2.9,-0.10000000000000009
2015-01-02,2.9,2.9,2.4,2.56,358400,2.56,-0.33999999999999986
2015-01-05,2.59,2.59,2.35,2.46,157000,2.46,-0.1299999999999999
2015-01-06,2.52,2.57,2.33,2.34,55900,2.34,-0.18000000000000016
2015-01-07,2.33,2.5,2.33,2.4,94100,2.4,0.06999999999999984
2015-01-08,3.0,3.2,2.61,2.64,1117900,2.64,-0.3599999999999999
2015-01-09,2.66,2.89,2.65,2.77,271000,2.77,0.10999999999999988
2015-01-12,3.02,3.27,2.8,3.16,529400,3.16,0.14000000000000012
2015-01-13,3.17,3.24,2.6,2.67,347700,2.67,-0.5
2015-01-14,2.63,2.99,2.61,2.86,137200,2.86,0.22999999999999998
2015-01-15,2.91,3.09,2.9,2.99,307300,2.99,0.08000000000000007
2015-01-16,2.99,2.99,2.85,2.95,96900,2.95,-0.040000000000000036
2015-01-20,2.99,3.06,2.91,2.96,75100,2.96,-0.03000000000000025
2015-01-21,2.95,2.95,2.75,2.79,132300,2.79,-0.16000000000000014
2015-01-22,2.84,2.88,2.62,2.64,126900,2.64,-0.19999999999999973
2015-01-23,2.65,2.72,2.65,2.67,50000,2.67,0.020000000000000018
2015-01-26,2.67,2.8,2.67,2.8,82200,2.8,0.1299999999999999
2015-01-27,2.81,2.86,2.67,2.79,40400,2.79,-0.020000000000000018
2015-01-28,2.88,2.88,2.71,2.8,50500,2.8,-0.08000000000000007
2015-01-29,2.8,2.83,2.75,2.75,27200,2.75,-0.04999999999999982
2015-01-30,2.78,2.81,2.67,2.75,62500,2.75,-0.029999999999999805
2015-02-02,2.71,2.78,2.66,2.77,14800,2.77,0.06000000000000005
2015-02-03,2.8,2.82,2.65,2.77,59700,2.77,-0.029999999999999805
2015-02-04,2.7,2.7,2.45,2.45,132500,2.45,-0.25
2015-02-05,2.4,2.55,2.35,2.53,50200,2.53,0.1299999999999999
2015-02-06,2.49,2.66,2.49,2.58,14400,2.58,0.08999999999999986
2015-02-09,2.6,2.6,2.52,2.57,14000,2.57,-0.03000000000000025
2015-02-10,2.94,2.95,2.62,2.65,179300,2.65,-0.29000000000000004
2015-02-11,2.72,2.75,2.55,2.56,52600,2.56,-0.16000000000000014
2015-02-12,2.56,2.63,2.52,2.6,21100,2.6,0.040000000000000036
2015-02-13,2.6,2.64,2.56,2.59,13000,2.59,-0.010000000000000231
2015-02-17,2.8,2.84,2.6,2.75,233500,2.75,-0.04999999999999982
2015-02-18,2.79,2.79,2.61,2.68,22200,2.68,-0.10999999999999988
2015-02-19,2.61,2.74,2.61,2.62,24900,2.62,0.010000000000000231
2015-02-20,2.67,2.73,2.6,2.7,54300,2.7,0.03000000000000025
2015-02-23,2.72,2.81,2.68,2.81,60600,2.81,0.08999999999999986
2015-02-24,2.8,2.87,2.7,2.86,56700,2.86,0.06000000000000005
2015-02-25,2.81,2.85,2.71,2.84,33400,2.84,0.029999999999999805
2015-02-26,2.8,3.09,2.75,3.01,292400,3.01,0.20999999999999996
2015-02-27,3.1,3.1,2.93,3.0,181200,3.0,-0.10000000000000009
2015-03-02,2.94,3.1,2.83,2.87,74600,2.87,-0.06999999999999984
2015-03-03,2.9,2.96,2.86,2.9,35600,2.9,0.0
2015-03-04,2.87,2.92,2.83,2.88,27500,2.88,0.009999999999999787
2015-03-05,2.86,2.9,2.86,2.89,10000,2.89,0.03000000000000025
