Date,open,high,low,close,volume,adj_close,diff
2011-01-03,25.77,26.23,25.55,26.05,55500,24.66,0.28000000000000114
2011-01-04,26.42,26.42,26.0,26.17,149600,24.78,-0.25
2011-01-05,25.87,25.99,25.7,25.94,94600,24.56,0.07000000000000028
2011-01-06,25.8,25.85,25.53,25.74,90600,24.37,-0.060000000000002274
2011-01-07,25.72,25.72,25.18,25.18,172600,23.84,-0.5399999999999991
2011-01-10,24.77,24.81,24.31,24.55,276400,23.24,-0.21999999999999886
2011-01-11,25.11,25.17,24.6,24.75,148100,23.43,-0.35999999999999943
2011-01-12,25.05,25.37,24.86,25.29,222600,23.94,0.23999999999999844
2011-01-13,24.96,25.06,24.63,24.69,145300,23.38,-0.2699999999999996
2011-01-14,24.47,24.5,24.08,24.22,170500,22.93,-0.25
2011-01-18,24.28,24.82,24.28,24.5,87900,23.2,0.21999999999999886
2011-01-19,24.54,24.57,24.16,24.19,46600,22.9,-0.34999999999999787
2011-01-20,24.22,24.22,23.74,23.74,114200,22.48,-0.4800000000000004
2011-01-21,23.13,23.89,23.13,23.35,224300,22.11,0.22000000000000242
2011-01-24,23.54,23.86,23.49,23.52,98100,22.27,-0.019999999999999574
2011-01-25,23.25,23.44,23.09,23.38,95600,22.14,0.129999999999999
2011-01-26,23.25,23.36,23.03,23.22,172500,21.98,-0.030000000000001137
2011-01-27,23.03,23.11,22.83,22.92,74200,21.7,-0.10999999999999943
2011-01-28,22.52,22.57,22.04,22.15,221900,20.97,-0.370000000000001
2011-01-31,22.47,22.74,22.1,22.61,219900,21.41,0.14000000000000057
2011-02-01,22.42,22.5,22.1,22.41,258400,21.22,-0.010000000000001563
2011-02-02,22.21,22.45,22.2,22.27,101300,21.09,0.05999999999999872
2011-02-03,22.52,22.63,22.3,22.54,214700,21.34,0.019999999999999574
2011-02-04,22.19,22.3,22.04,22.12,97900,20.94,-0.07000000000000028
2011-02-07,22.17,22.31,22.13,22.21,55900,21.03,0.03999999999999915
2011-02-08,22.01,22.01,21.71,21.78,149900,20.62,-0.23000000000000043
2011-02-09,21.54,21.58,21.21,21.41,211200,20.27,-0.129999999999999
2011-02-10,21.21,21.52,21.02,21.45,236200,20.31,0.23999999999999844
2011-02-11,21.59,22.47,21.51,22.32,320700,21.13,0.7300000000000004
2011-02-14,22.79,22.93,22.32,22.54,135900,21.34,-0.25
2011-02-15,22.76,22.87,22.52,22.66,156200,21.45,-0.10000000000000142
2011-02-16,22.62,22.83,22.47,22.66,112300,21.45,0.03999999999999915
2011-02-17,22.72,23.02,22.66,22.71,132400,21.5,-0.00999999999999801
2011-02-18,22.65,22.73,22.4,22.6,64000,21.4,-0.04999999999999716
2011-02-22,22.27,22.67,21.88,22.05,111300,20.88,-0.21999999999999886
2011-02-23,22.1,22.15,21.81,21.92,50000,20.75,-0.17999999999999972
2011-02-24,21.45,21.72,21.36,21.65,69600,20.5,0.1999999999999993
2011-02-25,21.93,22.09,21.8,22.03,75300,20.86,0.10000000000000142
2011-02-28,22.23,22.34,22.0,22.06,42700,20.89,-0.1700000000000017
2011-03-01,22.59,22.64,22.26,22.26,78100,21.08,-0.3299999999999983
2011-03-02,22.09,22.72,22.09,22.56,63300,21.36,0.46999999999999886
2011-03-03,22.8,23.07,22.76,22.93,83000,21.71,0.129999999999999
2011-03-04,23.06,23.06,22.58,22.79,56200,21.58,-0.2699999999999996
2011-03-07,22.6,22.6,22.24,22.37,62100,21.18,-0.23000000000000043
2011-03-08,22.55,22.86,22.42,22.72,54800,21.51,0.16999999999999815
2011-03-09,23.01,23.1,22.82,23.04,139700,21.81,0.029999999999997584
2011-03-10,22.61,22.71,22.36,22.46,86300,21.26,-0.14999999999999858
2011-03-11,22.37,22.65,22.25,22.61,30100,21.41,0.23999999999999844
2011-03-14,22.76,22.9,22.48,22.78,83500,21.57,0.019999999999999574
2011-03-15,22.4,22.53,22.0,22.49,57500,21.29,0.08999999999999986
2011-03-16,22.56,22.62,22.08,22.21,87100,21.03,-0.34999999999999787
2011-03-17,22.3,22.39,22.17,22.23,37200,21.05,-0.07000000000000028
2011-03-18,22.13,22.18,22.04,22.12,39700,20.94,-0.00999999999999801
2011-03-21,22.23,22.3,21.94,22.14,187700,20.96,-0.08999999999999986
2011-03-22,22.22,22.3,22.05,22.3,59100,21.11,0.08000000000000185
2011-03-23,22.44,22.75,22.39,22.75,47100,21.54,0.3099999999999987
2011-03-24,22.95,23.22,22.8,23.13,76400,21.9,0.17999999999999972
2011-03-25,23.53,23.73,23.37,23.47,90400,22.22,-0.060000000000002274
2011-03-28,23.58,23.65,23.25,23.25,73500,22.01,-0.3299999999999983
2011-03-29,23.46,23.6,23.18,23.59,50800,22.33,0.129999999999999
2011-03-30,23.66,24.05,23.63,23.97,112100,22.69,0.3099999999999987
2011-03-31,24.19,24.25,24.01,24.08,108500,22.8,-0.11000000000000298
2011-04-01,24.29,24.29,24.09,24.17,62800,22.88,-0.11999999999999744
2011-04-04,24.3,24.49,24.29,24.38,97800,23.08,0.0799999999999983
2011-04-05,24.28,24.34,24.2,24.29,55000,23.0,0.00999999999999801
2011-04-06,24.4,24.47,24.15,24.15,47700,22.87,-0.25
2011-04-07,24.07,24.25,23.8,24.07,155000,22.79,0.0
2011-04-08,24.05,24.08,23.91,24.03,68100,22.75,-0.019999999999999574
2011-04-11,23.83,23.88,23.61,23.63,69600,22.37,-0.1999999999999993
2011-04-12,23.53,23.53,23.3,23.33,37800,22.09,-0.20000000000000284
2011-04-13,23.83,24.02,23.72,23.88,86000,22.61,0.05000000000000071
2011-04-14,23.75,24.0,23.7,23.93,64800,22.66,0.17999999999999972
2011-04-15,23.71,23.82,23.69,23.73,84000,22.47,0.019999999999999574
2011-04-18,23.35,23.39,23.21,23.33,63800,22.09,-0.020000000000003126
2011-04-19,23.5,23.6,23.3,23.52,33400,22.27,0.019999999999999574
2011-04-20,23.96,24.06,23.8,23.94,73200,22.67,-0.019999999999999574
2011-04-21,24.09,24.09,23.86,23.94,50700,22.67,-0.14999999999999858
2011-04-25,23.77,23.82,23.26,23.73,89200,22.47,-0.03999999999999915
2011-04-26,23.79,23.95,23.69,23.91,48600,22.64,0.120000000000001
2011-04-27,23.83,23.86,23.67,23.85,39600,22.58,0.020000000000003126
2011-04-28,23.68,23.75,23.62,23.67,65400,22.41,-0.00999999999999801
2011-04-29,23.53,23.71,23.51,23.69,45000,22.43,0.16000000000000014
2011-05-02,23.41,23.48,23.25,23.45,70000,22.2,0.03999999999999915
2011-05-03,23.02,23.03,22.73,22.81,79000,21.6,-0.21000000000000085
2011-05-04,22.9,22.9,22.57,22.57,86000,21.37,-0.3299999999999983
2011-05-05,22.02,22.39,22.0,22.32,91200,21.13,0.3000000000000007
2011-05-06,22.55,22.65,22.51,22.55,46400,21.35,0.0
2011-05-09,22.72,22.72,22.61,22.66,46000,21.45,-0.05999999999999872
2011-05-10,22.66,22.66,22.53,22.58,65700,21.38,-0.08000000000000185
2011-05-11,22.59,22.62,22.39,22.46,53700,21.26,-0.129999999999999
2011-05-12,22.16,22.41,22.13,22.34,22000,21.15,0.17999999999999972
2011-05-13,22.36,22.42,22.13,22.4,69000,21.21,0.03999999999999915
2011-05-16,22.22,22.32,22.06,22.2,51700,21.02,-0.019999999999999574
2011-05-17,21.98,22.02,21.83,21.94,126000,20.77,-0.03999999999999915
2011-05-18,21.95,22.22,21.85,22.1,31300,20.92,0.15000000000000213
2011-05-19,22.17,22.32,22.02,22.14,44700,20.96,-0.030000000000001137
2011-05-20,22.14,22.19,22.02,22.11,43400,20.93,-0.030000000000001137
2011-05-23,21.72,21.74,21.59,21.68,37200,20.53,-0.03999999999999915
2011-05-24,21.76,21.85,21.71,21.79,45700,20.63,0.029999999999997584
2011-05-25,21.63,21.73,21.55,21.7,31500,20.55,0.07000000000000028
2011-05-26,21.79,22.04,21.79,21.99,97100,20.82,0.1999999999999993
2011-05-27,22.21,22.31,22.16,22.31,40500,21.12,0.09999999999999787
2011-05-31,22.59,22.7,22.45,22.66,94300,21.45,0.07000000000000028
2011-06-01,22.69,22.75,22.38,22.41,73800,21.22,-0.28000000000000114
2011-06-02,22.42,22.57,22.31,22.42,35600,21.23,0.0
2011-06-03,22.12,22.4,22.0,22.3,33200,21.11,0.17999999999999972
2011-06-06,22.24,22.45,22.2,22.35,73000,21.16,0.11000000000000298
2011-06-07,22.56,22.7,22.51,22.64,98100,21.44,0.08000000000000185
2011-06-08,22.6,22.65,22.42,22.5,25000,21.3,-0.10000000000000142
2011-06-09,22.52,22.69,22.46,22.63,37300,21.43,0.10999999999999943
2011-06-10,22.44,22.48,22.21,22.25,40200,21.07,-0.19000000000000128
2011-06-13,22.26,22.48,22.12,22.16,30300,20.98,-0.10000000000000142
2011-06-14,22.36,22.6,22.36,22.53,22500,21.33,0.1700000000000017
2011-06-15,22.13,22.29,22.0,22.1,59100,20.92,-0.029999999999997584
2011-06-16,22.0,22.11,21.78,21.83,42900,20.67,-0.1700000000000017
2011-06-17,21.92,21.92,21.65,21.8,50800,20.64,-0.120000000000001
2011-06-20,21.42,21.42,21.14,21.35,128000,20.21,-0.07000000000000028
2011-06-21,21.54,21.73,21.36,21.71,53600,20.55,0.1700000000000017
2011-06-22,21.5,21.56,21.42,21.44,36100,20.3,-0.05999999999999872
2011-06-23,21.24,21.54,21.24,21.54,63500,20.39,0.3000000000000007
2011-06-24,21.93,21.93,21.76,21.85,40400,20.69,-0.0799999999999983
2011-06-27,22.1,22.31,22.06,22.14,82900,20.96,0.03999999999999915
2011-06-28,21.06,21.44,21.02,21.4,46800,21.4,0.33999999999999986
2011-06-29,22.13,22.13,21.52,21.63,83300,21.63,-0.5
2011-06-30,21.82,22.01,21.68,21.94,38500,21.94,0.120000000000001
2011-07-01,21.85,22.06,21.73,21.78,60800,21.78,-0.07000000000000028
2011-07-05,21.72,21.78,21.63,21.76,32900,21.76,0.0400000000000027
2011-07-06,21.63,21.66,21.48,21.65,71900,21.65,0.019999999999999574
2011-07-07,22.08,22.5,21.97,22.23,40700,22.23,0.15000000000000213
2011-07-08,21.61,21.93,21.61,21.86,33900,21.86,0.25
2011-07-11,21.54,21.58,21.37,21.47,68000,21.47,-0.07000000000000028
2011-07-12,21.29,21.55,21.29,21.35,64900,21.35,0.060000000000002274
2011-07-13,21.54,21.64,21.43,21.62,101800,21.62,0.08000000000000185
2011-07-14,21.65,21.9,21.46,21.56,57800,21.56,-0.08999999999999986
2011-07-15,22.31,22.31,21.54,21.72,70400,21.72,-0.5899999999999999
2011-07-18,21.44,22.0,21.44,21.74,143500,21.74,0.29999999999999716
2011-07-19,22.07,22.17,22.02,22.15,71900,22.15,0.0799999999999983
2011-07-20,22.0,22.05,21.88,22.03,55000,22.03,0.030000000000001137
2011-07-21,22.06,22.6,21.92,22.25,211200,22.25,0.19000000000000128
2011-07-22,22.36,22.4,22.1,22.24,57400,22.24,-0.120000000000001
2011-07-25,22.23,22.38,22.14,22.14,50400,22.14,-0.08999999999999986
2011-07-26,21.99,21.99,21.87,21.95,35400,21.95,-0.03999999999999915
2011-07-27,21.68,21.94,21.47,21.51,55700,21.51,-0.16999999999999815
2011-07-28,21.56,21.66,21.39,21.45,34700,21.45,-0.10999999999999943
2011-07-29,21.35,21.59,21.33,21.49,30100,21.49,0.13999999999999702
2011-08-01,21.6,21.6,21.3,21.42,88800,21.42,-0.17999999999999972
2011-08-02,21.26,21.35,20.91,20.91,65000,20.91,-0.3500000000000014
2011-08-03,20.86,21.05,20.55,20.77,120500,20.77,-0.08999999999999986
2011-08-04,20.48,20.5,19.72,19.75,204100,19.75,-0.7300000000000004
2011-08-05,19.96,19.96,19.18,19.66,154400,19.66,-0.3000000000000007
2011-08-08,19.39,19.39,18.23,18.3,200700,18.3,-1.0899999999999999
2011-08-09,18.44,19.12,17.94,19.12,171800,19.12,0.6799999999999997
2011-08-10,18.85,18.9,18.41,18.63,135700,18.63,-0.22000000000000242
2011-08-11,18.99,19.54,18.93,19.38,71300,19.38,0.39000000000000057
2011-08-12,19.19,19.31,19.09,19.27,66000,19.27,0.0799999999999983
2011-08-15,19.33,19.67,19.33,19.55,60500,19.55,0.22000000000000242
2011-08-16,19.16,19.19,18.91,19.17,74700,19.17,0.010000000000001563
2011-08-17,19.33,19.5,19.0,19.15,69800,19.15,-0.17999999999999972
2011-08-18,18.55,18.57,18.15,18.44,108600,18.44,-0.10999999999999943
2011-08-19,18.28,18.63,18.0,18.02,96200,18.02,-0.26000000000000156
2011-08-22,18.44,18.7,18.18,18.2,131800,18.2,-0.240000000000002
2011-08-23,18.36,18.77,18.36,18.77,53000,18.77,0.41000000000000014
2011-08-24,18.55,18.68,18.37,18.53,36200,18.53,-0.019999999999999574
2011-08-25,18.46,18.46,18.09,18.21,79900,18.21,-0.25
2011-08-26,18.0,18.14,17.6,18.05,67500,18.05,0.05000000000000071
2011-08-29,18.68,18.74,18.54,18.72,70500,18.72,0.03999999999999915
2011-08-30,18.72,18.91,18.72,18.81,40200,18.81,0.08999999999999986
2011-08-31,18.9,19.03,18.81,18.93,49900,18.93,0.030000000000001137
2011-09-01,18.85,19.04,18.51,18.66,161900,18.66,-0.19000000000000128
2011-09-02,18.46,18.6,18.32,18.55,62600,18.55,0.08999999999999986
2011-09-06,18.3,18.72,18.28,18.69,22200,18.69,0.39000000000000057
2011-09-07,19.07,19.2,18.89,19.17,59300,19.17,0.10000000000000142
2011-09-08,18.87,19.04,18.81,18.99,107000,18.99,0.11999999999999744
2011-09-09,18.55,18.59,18.2,18.38,49400,18.38,-0.1700000000000017
2011-09-12,17.94,18.15,17.51,18.01,72100,18.01,0.07000000000000028
2011-09-13,18.02,18.02,17.74,17.96,43500,17.96,-0.05999999999999872
2011-09-14,18.11,18.32,17.97,18.16,84900,18.16,0.05000000000000071
2011-09-15,18.31,18.47,18.25,18.45,37100,18.45,0.14000000000000057
2011-09-16,18.5,18.6,18.43,18.51,16800,18.51,0.010000000000001563
2011-09-19,18.06,18.06,17.85,17.97,51400,17.97,-0.08999999999999986
2011-09-20,18.18,18.33,18.14,18.19,76300,18.19,0.010000000000001563
2011-09-21,18.11,18.16,17.67,17.68,51700,17.68,-0.4299999999999997
2011-09-22,17.2,17.2,16.48,16.65,140000,16.65,-0.5500000000000007
2011-09-23,16.67,16.86,16.61,16.86,47700,16.86,0.18999999999999773
2011-09-26,16.7,17.09,16.61,17.09,87500,17.09,0.39000000000000057
2011-09-27,17.5,17.62,17.38,17.48,113500,17.48,-0.019999999999999574
2011-09-28,17.4,17.4,17.1,17.16,76000,17.16,-0.23999999999999844
2011-09-29,17.47,17.57,17.24,17.35,85400,17.35,-0.11999999999999744
2011-09-30,16.99,17.03,16.73,16.79,93100,16.79,-0.1999999999999993
2011-10-03,16.66,16.82,16.35,16.35,104000,16.35,-0.3099999999999987
2011-10-04,16.06,16.21,15.85,16.21,145300,16.21,0.15000000000000213
2011-10-05,16.24,16.44,15.91,16.41,113000,16.41,0.1700000000000017
2011-10-06,16.33,16.8,16.27,16.8,105000,16.8,0.4700000000000024
2011-10-07,16.89,17.0,16.75,16.99,144200,16.99,0.09999999999999787
2011-10-10,17.16,17.36,16.97,17.3,128700,17.3,0.14000000000000057
2011-10-11,17.05,17.08,16.83,17.04,25300,17.04,-0.010000000000001563
2011-10-12,17.4,17.69,17.36,17.47,85300,17.47,0.07000000000000028
2011-10-13,17.22,17.25,17.07,17.07,53200,17.07,-0.14999999999999858
2011-10-14,17.32,17.49,17.31,17.45,29700,17.45,0.129999999999999
2011-10-17,17.26,17.35,17.11,17.3,75300,17.3,0.03999999999999915
2011-10-18,17.14,17.35,16.94,17.26,52900,17.26,0.120000000000001
2011-10-19,17.32,17.4,17.21,17.4,129000,17.4,0.0799999999999983
2011-10-20,17.28,17.39,17.15,17.25,76500,17.25,-0.030000000000001137
2011-10-21,17.33,17.42,17.19,17.36,432100,17.36,0.030000000000001137
2011-10-24,17.36,17.71,17.29,17.6,103200,17.6,0.240000000000002
2011-10-25,17.66,17.69,17.34,17.36,67400,17.36,-0.3000000000000007
2011-10-26,17.54,17.6,17.2,17.43,86900,17.43,-0.10999999999999943
2011-10-27,18.15,18.45,17.96,18.29,62100,18.29,0.14000000000000057
2011-10-28,18.31,18.37,17.97,18.3,77600,18.3,-0.00999999999999801
2011-10-31,17.9,17.9,17.65,17.69,59100,17.69,-0.2099999999999973
2011-11-01,17.31,17.35,17.12,17.29,61500,17.29,-0.019999999999999574
2011-11-02,17.47,17.68,17.47,17.62,48100,17.62,0.15000000000000213
2011-11-03,17.73,17.77,17.52,17.67,178900,17.67,-0.05999999999999872
2011-11-04,17.2,17.58,17.2,17.48,80400,17.48,0.28000000000000114
2011-11-07,17.56,17.6,17.42,17.52,63800,17.52,-0.03999999999999915
2011-11-08,17.63,17.64,17.32,17.64,99500,17.64,0.010000000000001563
2011-11-09,16.95,17.0,16.62,16.65,63700,16.65,-0.3000000000000007
2011-11-10,16.9,16.97,16.64,16.71,44700,16.71,-0.18999999999999773
2011-11-11,16.73,17.06,16.71,16.92,50500,16.92,0.19000000000000128
2011-11-14,16.78,16.78,16.5,16.6,200400,16.6,-0.17999999999999972
2011-11-15,16.5,16.75,16.37,16.64,71200,16.64,0.14000000000000057
2011-11-16,16.39,16.46,16.24,16.25,93300,16.25,-0.14000000000000057
2011-11-17,16.18,16.18,15.8,15.87,66100,15.87,-0.3100000000000005
2011-11-18,15.92,15.95,15.7,15.79,49700,15.79,-0.13000000000000078
2011-11-21,15.51,15.51,15.01,15.15,84300,15.15,-0.35999999999999943
2011-11-22,15.16,15.25,15.06,15.09,66800,15.09,-0.07000000000000028
2011-11-23,14.98,14.98,14.72,14.81,83000,14.81,-0.16999999999999993
2011-11-25,14.79,15.07,14.76,14.84,24900,14.84,0.05000000000000071
2011-11-28,15.47,15.58,15.35,15.45,76200,15.45,-0.02000000000000135
2011-11-29,15.21,15.44,15.16,15.17,24600,15.17,-0.040000000000000924
2011-11-30,15.64,15.69,15.43,15.68,128200,15.68,0.03999999999999915
2011-12-01,15.29,15.76,15.29,15.69,43400,15.69,0.40000000000000036
2011-12-02,15.97,16.29,15.93,15.95,84800,15.95,-0.02000000000000135
2011-12-05,16.09,16.1,15.94,15.94,56500,15.94,-0.15000000000000036
2011-12-06,15.83,15.88,15.78,15.83,38400,15.83,0.0
2011-12-07,15.76,15.96,15.69,15.88,54400,15.88,0.120000000000001
2011-12-08,15.52,15.61,15.23,15.28,89700,15.28,-0.2400000000000002
2011-12-09,15.32,15.32,15.15,15.2,203500,15.2,-0.120000000000001
2011-12-12,14.8,14.8,14.38,14.55,200100,14.55,-0.25
2011-12-13,14.58,14.67,14.33,14.41,239300,14.41,-0.16999999999999993
2011-12-14,14.27,14.27,13.98,14.2,168700,14.2,-0.07000000000000028
2011-12-15,14.31,14.5,14.18,14.21,50000,14.21,-0.09999999999999964
2011-12-16,14.23,14.29,14.16,14.17,70400,14.17,-0.0600000000000005
2011-12-19,14.09,14.09,13.78,13.85,153900,13.85,-0.2400000000000002
2011-12-20,14.01,14.1,13.88,14.01,125800,14.01,0.0
2011-12-21,14.12,14.15,13.83,13.94,165900,13.94,-0.17999999999999972
2011-12-22,14.13,14.15,13.98,14.14,159300,14.14,0.009999999999999787
2011-12-23,14.02,14.11,13.93,14.11,160600,14.11,0.08999999999999986
2011-12-27,14.05,14.06,13.88,13.91,171000,13.91,-0.14000000000000057
2011-12-28,13.83,13.9,13.62,13.69,160700,13.69,-0.14000000000000057
2011-12-29,13.63,13.81,13.59,13.74,115700,13.74,0.10999999999999943
2011-12-30,13.76,14.02,13.61,14.01,344100,14.01,0.25
2012-01-03,14.38,14.63,14.32,14.51,244200,14.51,0.129999999999999
2012-01-04,14.41,14.52,14.4,14.48,71900,14.48,0.07000000000000028
2012-01-05,14.37,14.46,14.33,14.43,167300,14.43,0.0600000000000005
2012-01-06,14.4,14.44,14.33,14.35,57000,14.35,-0.05000000000000071
2012-01-09,14.35,14.48,14.34,14.45,178900,14.45,0.09999999999999964
2012-01-10,14.91,15.05,14.84,15.02,151200,15.02,0.10999999999999943
2012-01-11,14.98,15.09,14.95,15.09,38500,15.09,0.10999999999999943
2012-01-12,15.05,15.12,14.95,15.1,72800,15.1,0.049999999999998934
2012-01-13,15.06,15.11,14.97,15.11,92300,15.11,0.049999999999998934
2012-01-17,15.46,15.68,15.44,15.63,117000,15.63,0.16999999999999993
2012-01-18,15.65,15.85,15.6,15.85,93900,15.85,0.1999999999999993
2012-01-19,15.95,16.03,15.89,15.93,88600,15.93,-0.019999999999999574
2012-01-20,15.95,15.97,15.86,15.97,63300,15.97,0.02000000000000135
2012-01-23,15.97,16.05,15.95,15.97,76100,15.97,0.0
2012-01-24,16.02,16.08,15.97,16.0,172600,16.0,-0.019999999999999574
2012-01-25,16.07,16.11,16.0,16.1,197700,16.1,0.030000000000001137
2012-01-26,16.15,16.28,16.09,16.14,72800,16.14,-0.00999999999999801
2012-01-27,16.27,16.34,16.15,16.25,107000,16.25,-0.019999999999999574
2012-01-30,15.86,16.1,15.76,16.07,138700,16.07,0.21000000000000085
2012-01-31,16.4,16.47,16.23,16.37,144900,16.37,-0.029999999999997584
2012-02-01,16.62,16.89,16.62,16.85,267700,16.85,0.23000000000000043
2012-02-02,16.84,17.0,16.83,16.96,86100,16.96,0.120000000000001
2012-02-03,17.18,17.41,17.18,17.27,212500,17.27,0.08999999999999986
2012-02-06,17.09,17.29,17.09,17.26,85600,17.26,0.1700000000000017
2012-02-07,17.08,17.17,16.94,17.14,134200,17.14,0.060000000000002274
2012-02-08,17.28,17.44,17.07,17.2,302700,17.2,-0.08000000000000185
2012-02-09,17.35,17.35,17.22,17.31,83100,17.31,-0.0400000000000027
2012-02-10,17.12,17.12,16.97,16.99,82300,16.99,-0.13000000000000256
2012-02-13,17.25,17.3,17.15,17.27,55500,17.27,0.019999999999999574
2012-02-14,17.2,17.25,17.13,17.23,31300,17.23,0.030000000000001137
2012-02-15,17.58,17.63,17.46,17.48,80300,17.48,-0.09999999999999787
2012-02-16,17.45,17.69,17.45,17.69,50600,17.69,0.240000000000002
2012-02-17,17.69,17.86,17.64,17.83,64100,17.83,0.13999999999999702
2012-02-21,17.83,17.97,17.83,17.87,50300,17.87,0.0400000000000027
2012-02-22,17.47,17.59,17.47,17.53,38200,17.53,0.060000000000002274
2012-02-23,17.41,17.47,17.37,17.43,30700,17.43,0.019999999999999574
2012-02-24,17.42,17.42,17.35,17.35,54500,17.35,-0.07000000000000028
2012-02-27,16.67,16.91,16.25,16.9,145600,16.9,0.22999999999999687
2012-02-28,17.1,17.25,17.1,17.25,94500,17.25,0.14999999999999858
2012-02-29,17.31,17.38,17.13,17.2,66300,17.2,-0.10999999999999943
2012-03-01,17.24,17.39,17.22,17.33,73000,17.33,0.08999999999999986
2012-03-02,17.23,17.28,17.18,17.25,58000,17.25,0.019999999999999574
2012-03-05,16.96,17.02,16.85,16.92,44700,16.92,-0.03999999999999915
2012-03-06,16.52,16.55,16.22,16.28,80500,16.28,-0.23999999999999844
2012-03-07,16.42,16.5,16.38,16.49,74600,16.49,0.06999999999999673
2012-03-08,16.79,16.82,16.68,16.82,40300,16.82,0.030000000000001137
2012-03-09,17.09,17.45,17.09,17.11,111200,17.11,0.019999999999999574
2012-03-12,17.05,17.1,17.0,17.08,57400,17.08,0.029999999999997584
2012-03-13,17.28,17.5,17.28,17.5,42700,17.5,0.21999999999999886
2012-03-14,17.38,17.43,17.25,17.3,54600,17.3,-0.0799999999999983
2012-03-15,17.02,17.17,17.01,17.17,112600,17.17,0.15000000000000213
2012-03-16,16.98,17.01,16.91,17.01,59000,17.01,0.030000000000001137
2012-03-19,16.73,16.87,16.73,16.85,50700,16.85,0.120000000000001
2012-03-20,16.61,16.65,16.47,16.54,127600,16.54,-0.07000000000000028
2012-03-21,16.77,16.86,16.71,16.81,43900,16.81,0.03999999999999915
2012-03-22,16.24,16.39,16.23,16.36,90500,16.36,0.120000000000001
2012-03-23,16.45,16.46,16.29,16.45,99300,16.45,0.0
2012-03-26,16.29,16.44,16.25,16.44,97200,16.44,0.15000000000000213
2012-03-27,16.48,16.51,16.42,16.45,66900,16.45,-0.030000000000001137
2012-03-28,16.31,16.35,16.15,16.27,129800,16.27,-0.03999999999999915
2012-03-29,16.13,16.21,16.07,16.2,81800,16.2,0.07000000000000028
2012-03-30,16.46,16.6,16.39,16.56,60700,16.56,0.09999999999999787
2012-04-02,16.51,16.9,16.51,16.84,82200,16.84,0.3299999999999983
2012-04-03,16.85,16.89,16.68,16.79,32300,16.79,-0.060000000000002274
2012-04-04,16.55,16.62,16.42,16.52,84000,16.52,-0.030000000000001137
2012-04-05,16.45,16.6,16.45,16.6,41600,16.6,0.15000000000000213
2012-04-09,16.3,16.5,16.18,16.43,88000,16.43,0.129999999999999
2012-04-10,16.33,16.33,16.1,16.15,80200,16.15,-0.17999999999999972
2012-04-11,16.32,16.32,16.21,16.26,28600,16.26,-0.05999999999999872
2012-04-12,16.4,16.6,16.39,16.6,55000,16.6,0.20000000000000284
2012-04-13,16.34,16.34,16.05,16.1,115700,16.1,-0.23999999999999844
2012-04-16,16.17,16.29,16.14,16.21,100500,16.21,0.03999999999999915
2012-04-17,16.41,16.62,16.41,16.55,60100,16.55,0.14000000000000057
2012-04-18,16.36,16.46,16.33,16.4,27000,16.4,0.03999999999999915
2012-04-19,16.41,16.48,16.3,16.36,21100,16.36,-0.05000000000000071
2012-04-20,16.36,16.45,16.35,16.35,34400,16.35,-0.00999999999999801
2012-04-23,15.97,15.99,15.77,15.93,228800,15.93,-0.040000000000000924
2012-04-24,15.96,16.03,15.9,15.91,30700,15.91,-0.05000000000000071
2012-04-25,16.0,16.01,15.79,15.95,39700,15.95,-0.05000000000000071
2012-04-26,15.84,16.08,15.83,16.05,50000,16.05,0.21000000000000085
2012-04-27,15.98,16.04,15.89,16.02,36200,16.02,0.03999999999999915
2012-04-30,16.11,16.14,15.92,16.11,96000,16.11,0.0
2012-05-01,16.04,16.16,16.0,16.11,45000,16.11,0.07000000000000028
2012-05-02,15.84,15.9,15.77,15.89,33000,15.89,0.05000000000000071
2012-05-03,15.7,15.71,15.53,15.61,69000,15.61,-0.08999999999999986
2012-05-04,15.43,15.43,15.08,15.32,41900,15.32,-0.10999999999999943
2012-05-07,15.51,15.68,15.46,15.6,136000,15.6,0.08999999999999986
2012-05-08,15.18,15.23,14.99,15.13,163600,15.13,-0.049999999999998934
2012-05-09,14.86,14.96,14.75,14.93,59000,14.93,0.07000000000000028
2012-05-10,14.99,15.13,14.96,15.01,26700,15.01,0.019999999999999574
2012-05-11,14.9,14.95,14.84,14.86,29000,14.86,-0.040000000000000924
2012-05-14,14.65,14.66,14.51,14.57,84000,14.57,-0.08000000000000007
2012-05-15,14.69,14.72,14.52,14.55,54000,14.55,-0.1399999999999988
2012-05-16,14.5,14.57,14.33,14.35,47000,14.35,-0.15000000000000036
2012-05-17,14.33,14.36,14.16,14.19,55400,14.19,-0.14000000000000057
2012-05-18,14.31,14.4,14.15,14.21,70700,14.21,-0.09999999999999964
2012-05-21,14.39,14.39,14.22,14.37,27700,14.37,-0.02000000000000135
2012-05-22,14.19,14.22,14.0,14.08,116000,14.08,-0.10999999999999943
2012-05-23,14.08,14.23,13.96,14.17,273000,14.17,0.08999999999999986
2012-05-24,14.41,14.57,14.28,14.37,69300,14.37,-0.040000000000000924
2012-05-25,14.46,14.52,14.38,14.45,46600,14.45,-0.010000000000001563
2012-05-29,14.64,14.72,14.56,14.65,201500,14.65,0.009999999999999787
2012-05-30,14.45,14.45,14.26,14.33,191700,14.33,-0.11999999999999922
2012-05-31,14.33,14.38,14.18,14.33,174800,14.33,0.0
2012-06-01,14.13,14.18,14.08,14.11,74400,14.11,-0.02000000000000135
2012-06-04,14.21,14.21,14.06,14.16,71800,14.16,-0.05000000000000071
2012-06-05,14.11,14.19,14.03,14.18,136500,14.18,0.07000000000000028
2012-06-06,14.42,14.79,14.38,14.78,99500,14.78,0.35999999999999943
2012-06-07,15.0,15.1,14.89,14.9,49900,14.9,-0.09999999999999964
2012-06-08,14.82,14.87,14.78,14.84,12200,14.84,0.019999999999999574
2012-06-11,14.77,14.78,14.5,14.5,56100,14.5,-0.2699999999999996
2012-06-12,14.8,14.88,14.71,14.88,59500,14.88,0.08000000000000007
2012-06-13,15.14,15.16,14.83,14.85,110500,14.85,-0.2900000000000009
2012-06-14,14.8,14.87,14.67,14.84,46600,14.84,0.03999999999999915
2012-06-15,15.01,15.04,14.9,15.04,53400,15.04,0.02999999999999936
2012-06-18,14.62,14.91,14.61,14.91,108300,14.91,0.2900000000000009
2012-06-19,14.92,14.96,14.85,14.91,135600,14.91,-0.009999999999999787
2012-06-20,14.9,14.91,14.77,14.91,223300,14.91,0.009999999999999787
2012-06-21,14.92,14.98,14.55,14.59,112700,14.59,-0.33000000000000007
2012-06-22,14.66,14.67,14.55,14.63,81000,14.63,-0.02999999999999936
2012-06-25,14.5,14.56,14.4,14.53,111100,14.53,0.02999999999999936
2012-06-26,14.56,14.72,14.55,14.69,120900,14.69,0.129999999999999
2012-06-27,14.82,14.9,14.72,14.81,107200,14.81,-0.009999999999999787
2012-06-28,14.78,14.78,14.52,14.71,149200,14.71,-0.06999999999999851
2012-06-29,15.27,15.53,15.27,15.51,228400,15.51,0.2400000000000002
2012-07-02,15.46,15.47,15.28,15.39,244800,15.39,-0.07000000000000028
2012-07-03,15.65,15.76,15.59,15.76,66800,15.76,0.10999999999999943
2012-07-05,15.58,15.62,15.44,15.6,170300,15.6,0.019999999999999574
2012-07-06,15.42,15.45,15.34,15.44,91700,15.44,0.019999999999999574
2012-07-09,15.27,15.44,15.25,15.41,97600,15.41,0.14000000000000057
2012-07-10,15.7,15.79,15.61,15.63,258100,15.63,-0.06999999999999851
2012-07-11,15.55,15.55,15.35,15.41,62600,15.41,-0.14000000000000057
2012-07-12,15.19,15.21,15.02,15.14,45000,15.14,-0.049999999999998934
2012-07-13,15.21,15.42,15.21,15.41,26300,15.41,0.1999999999999993
2012-07-16,15.19,15.33,15.19,15.3,88600,15.3,0.11000000000000121
2012-07-17,15.29,15.31,15.1,15.29,66100,15.29,0.0
2012-07-18,15.2,15.27,15.19,15.26,55800,15.26,0.0600000000000005
2012-07-19,15.31,15.41,15.17,15.41,39600,15.41,0.09999999999999964
2012-07-20,15.16,15.25,15.12,15.24,102900,15.24,0.08000000000000007
2012-07-23,14.86,14.92,14.69,14.74,135800,14.74,-0.11999999999999922
2012-07-24,14.77,14.85,14.64,14.72,52400,14.72,-0.049999999999998934
2012-07-25,14.71,14.77,14.65,14.71,34900,14.71,0.0
2012-07-26,14.85,14.9,14.79,14.9,41900,14.9,0.05000000000000071
2012-07-27,14.91,15.11,14.86,15.11,60200,15.11,0.1999999999999993
2012-07-30,15.15,15.31,15.15,15.24,48900,15.24,0.08999999999999986
2012-07-31,15.21,15.23,15.13,15.22,82200,15.22,0.009999999999999787
2012-08-01,15.27,15.27,15.11,15.15,78100,15.15,-0.11999999999999922
2012-08-02,14.91,15.01,14.88,14.93,52000,14.93,0.019999999999999574
2012-08-03,15.16,15.33,15.08,15.17,30200,15.17,0.009999999999999787
2012-08-06,15.29,15.44,15.27,15.33,104100,15.33,0.040000000000000924
2012-08-07,15.53,15.66,15.51,15.57,35100,15.57,0.040000000000000924
2012-08-08,15.54,15.6,15.48,15.58,37000,15.58,0.040000000000000924
2012-08-09,15.45,15.6,15.45,15.52,27000,15.52,0.07000000000000028
2012-08-10,15.48,15.64,15.48,15.53,76500,15.53,0.049999999999998934
2012-08-13,15.5,15.54,15.35,15.39,64200,15.39,-0.10999999999999943
2012-08-14,15.49,15.54,15.42,15.45,116500,15.45,-0.040000000000000924
2012-08-15,15.41,15.56,15.41,15.49,78400,15.49,0.08000000000000007
2012-08-16,15.45,15.63,15.45,15.57,41000,15.57,0.120000000000001
2012-08-17,15.5,15.62,15.49,15.56,57800,15.56,0.0600000000000005
2012-08-20,15.58,15.66,15.58,15.61,26800,15.61,0.02999999999999936
2012-08-21,15.78,15.9,15.76,15.78,47700,15.78,0.0
2012-08-22,15.58,15.79,15.55,15.74,135400,15.74,0.16000000000000014
2012-08-23,15.71,15.74,15.63,15.66,21100,15.66,-0.05000000000000071
2012-08-24,15.6,15.78,15.56,15.73,55500,15.73,0.13000000000000078
2012-08-27,15.64,15.64,15.53,15.59,83700,15.59,-0.05000000000000071
2012-08-28,15.39,15.54,15.39,15.5,69500,15.5,0.10999999999999943
2012-08-29,15.36,15.36,15.19,15.31,65300,15.31,-0.049999999999998934
2012-08-30,15.3,15.35,15.27,15.27,45100,15.27,-0.030000000000001137
2012-08-31,15.33,15.4,15.23,15.37,66400,15.37,0.03999999999999915
2012-09-04,15.28,15.38,15.26,15.3,47700,15.3,0.02000000000000135
2012-09-05,15.21,15.33,15.11,15.27,68200,15.27,0.05999999999999872
2012-09-06,15.36,15.62,15.36,15.55,200300,15.55,0.19000000000000128
2012-09-07,15.62,16.05,15.62,16.03,165900,16.03,0.4100000000000019
2012-09-10,15.98,16.01,15.92,16.0,135500,16.0,0.019999999999999574
2012-09-11,16.11,16.31,16.1,16.29,141100,16.29,0.17999999999999972
2012-09-12,16.32,16.39,16.21,16.3,41000,16.3,-0.019999999999999574
2012-09-13,16.25,16.69,16.23,16.61,75200,16.61,0.35999999999999943
2012-09-14,16.93,17.25,16.93,17.11,131400,17.11,0.17999999999999972
2012-09-17,17.12,17.12,16.87,16.91,59100,16.91,-0.21000000000000085
2012-09-18,16.82,16.99,16.74,16.83,138800,16.83,0.00999999999999801
2012-09-19,16.72,16.74,16.6,16.71,92000,16.71,-0.00999999999999801
2012-09-20,16.46,16.67,16.46,16.66,114100,16.66,0.1999999999999993
2012-09-21,17.15,17.19,17.07,17.12,88100,17.12,-0.029999999999997584
2012-09-24,17.0,17.05,16.97,17.02,31600,17.02,0.019999999999999574
2012-09-25,17.06,17.1,16.86,16.86,95800,16.86,-0.1999999999999993
2012-09-26,16.85,16.9,16.76,16.87,34700,16.87,0.019999999999999574
2012-09-27,16.82,17.27,16.82,17.24,126700,17.24,0.41999999999999815
2012-09-28,17.34,17.5,17.32,17.47,140100,17.47,0.129999999999999
2012-10-01,17.71,17.9,17.7,17.79,74400,17.79,0.0799999999999983
2012-10-02,17.8,17.82,17.64,17.8,88900,17.8,0.0
2012-10-03,17.83,17.93,17.78,17.79,33500,17.79,-0.03999999999999915
2012-10-04,18.14,18.17,18.03,18.15,137100,18.15,0.00999999999999801
2012-10-05,18.15,18.23,17.89,17.9,92300,17.9,-0.25
2012-10-08,17.62,17.71,17.57,17.63,32200,17.63,0.00999999999999801
2012-10-09,17.57,17.76,17.53,17.61,80300,17.61,0.03999999999999915
2012-10-10,17.51,17.51,17.33,17.41,44800,17.41,-0.10000000000000142
2012-10-11,17.8,17.8,17.65,17.71,122300,17.71,-0.08999999999999986
2012-10-12,17.61,17.68,17.49,17.56,27300,17.56,-0.05000000000000071
2012-10-15,17.75,17.75,17.52,17.67,41500,17.67,-0.0799999999999983
2012-10-16,17.68,17.7,17.58,17.64,144900,17.64,-0.03999999999999915
2012-10-17,17.6,17.71,17.56,17.68,42200,17.68,0.0799999999999983
2012-10-18,17.57,17.59,17.52,17.54,13700,17.54,-0.030000000000001137
2012-10-19,17.57,17.57,17.27,17.28,32900,17.28,-0.28999999999999915
2012-10-22,17.42,17.46,17.36,17.42,40800,17.42,0.0
2012-10-23,17.29,17.29,17.12,17.22,42100,17.22,-0.07000000000000028
2012-10-24,17.27,17.38,17.23,17.25,30100,17.25,-0.019999999999999574
2012-10-25,17.47,17.49,17.34,17.4,30600,17.4,-0.07000000000000028
2012-10-26,17.19,17.26,17.19,17.23,28500,17.23,0.03999999999999915
2012-10-31,17.19,17.21,17.01,17.14,83700,17.14,-0.05000000000000071
2012-11-01,17.2,17.5,17.2,17.45,18700,17.45,0.25
2012-11-02,17.49,17.5,17.4,17.46,34700,17.46,-0.029999999999997584
2012-11-05,17.44,17.45,17.24,17.45,74600,17.45,0.00999999999999801
2012-11-06,17.4,17.45,17.39,17.42,23200,17.42,0.020000000000003126
2012-11-07,17.5,17.5,17.25,17.31,26100,17.31,-0.19000000000000128
2012-11-08,17.51,17.51,17.29,17.3,25000,17.3,-0.21000000000000085
2012-11-09,17.13,17.21,17.0,17.18,45700,17.18,0.05000000000000071
2012-11-12,17.17,17.25,17.1,17.1,22300,17.1,-0.07000000000000028
2012-11-13,17.0,17.16,17.0,17.07,314000,17.07,0.07000000000000028
2012-11-14,17.13,17.14,16.81,16.86,140800,16.86,-0.2699999999999996
2012-11-15,16.87,16.91,16.63,16.68,74000,16.68,-0.19000000000000128
2012-11-16,16.68,16.69,16.55,16.63,38400,16.63,-0.05000000000000071
2012-11-19,16.79,16.89,16.76,16.86,16500,16.86,0.07000000000000028
2012-11-20,16.68,16.76,16.53,16.75,36600,16.75,0.07000000000000028
2012-11-21,16.81,16.82,16.67,16.76,25500,16.76,-0.04999999999999716
2012-11-23,16.73,16.83,16.66,16.83,77100,16.83,0.09999999999999787
2012-11-26,16.78,16.87,16.72,16.86,52200,16.86,0.0799999999999983
2012-11-27,17.05,17.1,16.94,17.0,48400,17.0,-0.05000000000000071
2012-11-28,16.92,17.06,16.89,17.06,22400,17.06,0.13999999999999702
2012-11-29,17.49,17.63,17.42,17.63,46200,17.63,0.14000000000000057
2012-11-30,17.8,17.87,17.74,17.86,54800,17.86,0.05999999999999872
2012-12-03,17.8,17.8,17.68,17.75,184700,17.75,-0.05000000000000071
2012-12-04,17.69,17.91,17.69,17.85,68200,17.85,0.16000000000000014
2012-12-05,17.85,18.18,17.85,18.09,150000,18.09,0.23999999999999844
2012-12-06,18.13,18.31,18.07,18.31,95900,18.31,0.17999999999999972
2012-12-07,18.2,18.25,18.05,18.2,64800,18.2,0.0
2012-12-10,18.18,18.27,18.16,18.22,58100,18.22,0.03999999999999915
2012-12-11,18.2,18.26,18.11,18.18,67800,18.18,-0.019999999999999574
2012-12-12,18.07,18.24,18.05,18.13,47600,18.13,0.05999999999999872
2012-12-13,18.13,18.13,17.87,17.93,39500,17.93,-0.1999999999999993
2012-12-14,18.07,18.09,18.01,18.05,26900,18.05,-0.019999999999999574
2012-12-17,17.94,18.11,17.91,18.1,29500,18.1,0.16000000000000014
2012-12-18,18.09,18.25,18.04,18.25,76300,18.25,0.16000000000000014
2012-12-19,18.35,18.4,18.18,18.4,129100,18.4,0.04999999999999716
2012-12-20,18.39,18.39,18.14,18.37,28400,18.37,-0.019999999999999574
2012-12-21,18.07,18.18,17.99,18.12,49900,18.12,0.05000000000000071
2012-12-24,18.01,18.11,17.98,18.09,30800,18.09,0.0799999999999983
2012-12-26,18.2,18.48,18.2,18.33,24100,18.33,0.129999999999999
2012-12-27,18.27,18.27,18.03,18.2,60400,18.2,-0.07000000000000028
2012-12-28,18.21,18.55,18.2,18.54,173500,18.54,0.3299999999999983
2012-12-31,18.37,18.53,18.3,18.53,81200,18.53,0.16000000000000014
2013-01-02,18.77,18.95,18.77,18.92,97500,18.92,0.15000000000000213
2013-01-03,18.82,18.87,18.75,18.84,39300,18.84,0.019999999999999574
2013-01-04,18.64,18.75,18.6,18.72,56100,18.72,0.0799999999999983
2013-01-07,18.53,18.55,18.44,18.51,28900,18.51,-0.019999999999999574
2013-01-08,18.47,18.59,18.47,18.5,36300,18.5,0.030000000000001137
2013-01-09,17.81,18.6,17.67,18.56,32700,18.56,0.75
2013-01-10,18.57,18.78,18.56,18.67,35000,18.67,0.10000000000000142
2013-01-11,18.65,18.65,18.42,18.58,23600,18.58,-0.07000000000000028
2013-01-14,18.81,18.88,18.74,18.81,43400,18.81,0.0
2013-01-15,18.71,18.77,18.64,18.75,47500,18.75,0.03999999999999915
2013-01-16,18.59,18.61,18.47,18.56,27700,18.56,-0.030000000000001137
2013-01-17,18.76,18.91,18.72,18.9,93800,18.9,0.13999999999999702
2013-01-18,18.98,19.08,18.95,19.08,34500,19.08,0.09999999999999787
2013-01-22,18.92,19.0,18.87,18.93,47900,18.93,0.00999999999999801
2013-01-23,18.82,18.89,18.72,18.87,75300,18.87,0.05000000000000071
2013-01-24,18.79,18.79,18.62,18.65,38900,18.65,-0.14000000000000057
2013-01-25,18.84,18.84,18.73,18.78,30200,18.78,-0.05999999999999872
2013-01-28,18.71,19.07,18.67,18.67,36700,18.67,-0.03999999999999915
2013-01-29,18.69,18.9,18.69,18.9,19500,18.9,0.2099999999999973
2013-01-30,18.93,18.96,18.79,18.9,52900,18.9,-0.030000000000001137
2013-01-31,18.9,18.9,18.73,18.79,24800,18.79,-0.10999999999999943
2013-02-01,18.75,18.94,18.75,18.94,19500,18.94,0.19000000000000128
2013-02-04,18.6,18.74,18.59,18.7,96800,18.7,0.09999999999999787
2013-02-05,18.66,18.77,18.6,18.68,101900,18.68,0.019999999999999574
2013-02-06,18.7,18.72,18.6,18.7,32100,18.7,0.0
2013-02-07,18.55,18.56,18.46,18.55,86700,18.55,0.0
2013-02-08,18.44,18.54,18.41,18.47,36300,18.47,0.029999999999997584
2013-02-11,18.35,18.46,18.35,18.45,46300,18.45,0.09999999999999787
2013-02-12,18.4,18.62,18.4,18.58,52300,18.58,0.17999999999999972
2013-02-13,18.48,18.55,18.41,18.41,107400,18.41,-0.07000000000000028
2013-02-14,18.27,18.33,18.25,18.3,54200,18.3,0.030000000000001137
2013-02-15,18.25,18.34,18.22,18.24,60000,18.24,-0.010000000000001563
2013-02-19,18.46,18.5,18.38,18.45,105500,18.45,-0.010000000000001563
2013-02-20,18.44,18.45,18.28,18.28,34500,18.28,-0.16000000000000014
2013-02-21,18.08,18.08,17.85,17.98,58200,17.98,-0.09999999999999787
2013-02-22,18.09,18.22,18.07,18.18,41200,18.18,0.08999999999999986
2013-02-25,18.33,18.4,18.06,18.08,55900,18.08,-0.25
2013-02-26,18.04,18.11,17.9,18.05,31700,18.05,0.010000000000001563
2013-02-27,18.17,18.31,18.16,18.21,24400,18.21,0.03999999999999915
2013-02-28,18.03,18.03,17.73,17.9,106900,17.9,-0.13000000000000256
2013-03-01,17.73,17.82,17.7,17.77,35000,17.77,0.03999999999999915
2013-03-04,17.53,17.65,17.51,17.6,37200,17.6,0.07000000000000028
2013-03-05,17.85,17.96,17.82,17.89,35700,17.89,0.03999999999999915
2013-03-06,17.81,18.06,17.74,18.03,40400,18.03,0.22000000000000242
2013-03-07,18.14,18.3,18.08,18.28,73300,18.28,0.14000000000000057
2013-03-08,18.46,18.62,18.46,18.59,37700,18.59,0.129999999999999
2013-03-11,18.49,18.56,18.46,18.53,36700,18.53,0.0400000000000027
2013-03-12,18.43,18.5,18.41,18.42,28100,18.42,-0.00999999999999801
2013-03-13,18.16,18.32,18.14,18.28,39200,18.28,0.120000000000001
2013-03-14,18.39,18.53,18.39,18.47,17800,18.47,0.0799999999999983
2013-03-15,18.41,18.48,18.33,18.42,26500,18.42,0.010000000000001563
2013-03-18,18.13,18.3,18.13,18.2,23400,18.2,0.07000000000000028
2013-03-19,18.07,18.07,17.74,17.81,63400,17.81,-0.26000000000000156
2013-03-20,17.71,17.82,17.71,17.8,24000,17.8,0.08999999999999986
2013-03-21,17.65,17.68,17.55,17.59,20800,17.59,-0.05999999999999872
2013-03-22,17.58,17.64,17.57,17.62,34700,17.62,0.0400000000000027
2013-03-25,17.67,17.67,17.43,17.51,25500,17.51,-0.16000000000000014
2013-03-26,17.56,17.65,17.55,17.59,31400,17.59,0.030000000000001137
2013-03-27,17.52,17.65,17.48,17.63,27400,17.63,0.10999999999999943
2013-03-28,17.71,17.77,17.68,17.75,50100,17.75,0.03999999999999915
2013-04-01,17.76,17.79,17.61,17.67,24200,17.67,-0.08999999999999986
2013-04-02,17.86,17.93,17.81,17.81,66100,17.81,-0.05000000000000071
2013-04-03,17.66,17.66,17.5,17.54,44800,17.54,-0.120000000000001
2013-04-04,17.36,17.36,17.22,17.27,28500,17.27,-0.08999999999999986
2013-04-05,16.85,17.29,16.85,17.17,126500,17.17,0.3200000000000003
2013-04-08,17.18,17.32,17.18,17.31,29200,17.31,0.129999999999999
2013-04-09,17.23,17.48,17.12,17.37,54000,17.37,0.14000000000000057
2013-04-10,17.45,17.55,17.43,17.46,107300,17.46,0.010000000000001563
2013-04-11,17.51,17.57,17.43,17.44,21900,17.44,-0.07000000000000028
2013-04-12,17.14,17.22,17.11,17.22,94100,17.22,0.0799999999999983
2013-04-15,17.09,17.19,16.89,16.89,60300,16.89,-0.1999999999999993
2013-04-16,17.39,17.47,17.32,17.41,44700,17.41,0.019999999999999574
2013-04-17,17.3,17.4,17.21,17.29,37000,17.29,-0.010000000000001563
2013-04-18,17.55,17.59,17.47,17.48,20300,17.48,-0.07000000000000028
2013-04-19,17.57,17.73,17.57,17.67,16300,17.67,0.10000000000000142
2013-04-22,17.67,17.7,17.57,17.68,28000,17.68,0.00999999999999801
2013-04-23,17.58,17.78,17.58,17.72,29200,17.72,0.14000000000000057
2013-04-24,17.72,17.84,17.72,17.78,22300,17.78,0.060000000000002274
2013-04-25,17.88,17.88,17.76,17.8,47800,17.8,-0.0799999999999983
2013-04-26,17.6,17.6,17.54,17.56,18500,17.56,-0.0400000000000027
2013-04-29,17.71,17.77,17.65,17.69,141200,17.69,-0.019999999999999574
2013-04-30,17.83,18.03,17.82,18.02,32800,18.02,0.19000000000000128
2013-05-01,17.9,17.9,17.77,17.78,27000,17.78,-0.11999999999999744
2013-05-02,17.98,18.05,17.84,18.03,27500,18.03,0.05000000000000071
2013-05-03,18.01,18.13,17.98,18.03,29600,18.03,0.019999999999999574
2013-05-06,17.92,18.03,17.91,17.98,28800,17.98,0.05999999999999872
2013-05-07,18.06,18.2,18.06,18.14,8500,18.14,0.08000000000000185
2013-05-08,18.25,18.29,18.19,18.26,43300,18.26,0.010000000000001563
2013-05-09,18.13,18.14,18.04,18.04,12600,18.04,-0.08999999999999986
2013-05-10,18.06,18.11,18.0,18.09,18900,18.09,0.030000000000001137
2013-05-13,17.79,17.82,17.65,17.73,34500,17.73,-0.05999999999999872
2013-05-14,17.8,17.92,17.67,17.88,11100,17.88,0.0799999999999983
2013-05-15,18.21,18.24,18.11,18.16,26200,18.16,-0.05000000000000071
2013-05-16,18.21,18.28,18.16,18.17,20500,18.17,-0.03999999999999915
2013-05-17,18.29,18.29,18.19,18.21,22700,18.21,-0.0799999999999983
2013-05-20,18.03,18.15,18.03,18.1,20500,18.1,0.07000000000000028
2013-05-21,17.98,18.01,17.84,17.93,41200,17.93,-0.05000000000000071
2013-05-22,17.75,17.89,17.63,17.64,95300,17.64,-0.10999999999999943
2013-05-23,16.97,17.34,16.97,17.3,69700,17.3,0.33000000000000185
2013-05-24,17.31,17.33,17.18,17.3,44900,17.3,-0.00999999999999801
2013-05-28,17.6,17.65,17.42,17.44,83500,17.44,-0.16000000000000014
2013-05-29,17.24,17.39,17.24,17.32,31000,17.32,0.08000000000000185
2013-05-30,17.4,17.42,17.27,17.31,29200,17.31,-0.08999999999999986
2013-05-31,17.09,17.14,16.91,16.91,84200,16.91,-0.17999999999999972
2013-06-03,16.81,17.01,16.79,16.99,71100,16.99,0.17999999999999972
2013-06-04,16.94,16.94,16.78,16.78,33800,16.78,-0.16000000000000014
2013-06-05,16.8,16.84,16.59,16.63,77800,16.63,-0.1700000000000017
2013-06-06,16.68,16.79,16.62,16.79,33700,16.79,0.10999999999999943
2013-06-07,16.65,16.68,16.55,16.63,33600,16.63,-0.019999999999999574
2013-06-10,16.5,16.5,16.22,16.33,89800,16.33,-0.1700000000000017
2013-06-11,15.86,15.99,15.78,15.93,57400,15.93,0.07000000000000028
2013-06-12,16.05,16.06,15.7,15.7,126600,15.7,-0.3500000000000014
2013-06-13,15.62,15.83,15.62,15.81,110100,15.81,0.19000000000000128
2013-06-14,16.05,16.08,15.85,15.9,122200,15.9,-0.15000000000000036
2013-06-17,15.97,16.07,15.95,15.98,80100,15.98,0.009999999999999787
2013-06-18,15.79,15.96,15.74,15.95,58300,15.95,0.16000000000000014
2013-06-19,15.94,15.94,15.58,15.58,89200,15.58,-0.35999999999999943
2013-06-20,15.19,15.24,14.83,14.9,52100,14.9,-0.28999999999999915
2013-06-21,15.1,15.27,14.97,15.15,79500,15.15,0.05000000000000071
2013-06-24,14.84,14.94,14.73,14.75,58400,14.75,-0.08999999999999986
2013-06-25,14.85,14.98,14.77,14.95,49300,14.95,0.09999999999999964
2013-06-26,14.7,14.88,14.7,14.85,37600,14.85,0.15000000000000036
2013-06-27,15.09,15.35,15.01,15.26,36600,15.26,0.16999999999999993
2013-06-28,15.51,15.52,15.36,15.41,45800,15.41,-0.09999999999999964
2013-07-01,15.57,15.69,15.53,15.57,43900,15.57,0.0
2013-07-02,15.55,15.68,15.43,15.51,54200,15.51,-0.040000000000000924
2013-07-03,15.24,15.37,15.1,15.32,46700,15.32,0.08000000000000007
2013-07-05,15.35,15.42,15.22,15.32,83500,15.32,-0.02999999999999936
2013-07-08,15.39,15.43,15.26,15.41,47600,15.41,0.019999999999999574
2013-07-09,15.62,15.65,15.51,15.6,30000,15.6,-0.019999999999999574
2013-07-10,15.45,15.61,15.45,15.56,98900,15.56,0.11000000000000121
2013-07-11,15.91,16.07,15.85,16.06,43400,16.06,0.14999999999999858
2013-07-12,16.14,16.22,16.1,16.19,128100,16.19,0.05000000000000071
2013-07-15,16.19,16.44,16.18,16.34,31900,16.34,0.14999999999999858
2013-07-16,16.24,16.36,16.24,16.36,31900,16.36,0.120000000000001
2013-07-17,16.32,16.37,16.25,16.27,27900,16.27,-0.05000000000000071
2013-07-18,16.31,16.44,16.31,16.32,78900,16.32,0.010000000000001563
2013-07-19,16.23,16.33,16.01,16.21,33900,16.21,-0.019999999999999574
2013-07-22,16.13,16.23,16.1,16.19,46000,16.19,0.060000000000002274
2013-07-23,16.44,16.44,16.18,16.24,60400,16.24,-0.20000000000000284
2013-07-24,16.21,16.28,15.99,16.06,11000,16.06,-0.15000000000000213
2013-07-25,15.97,16.09,15.89,16.03,27600,16.03,0.0600000000000005
2013-07-26,15.89,15.99,15.83,15.96,21600,15.96,0.07000000000000028
2013-07-29,15.77,15.82,15.7,15.75,36900,15.75,-0.019999999999999574
2013-07-30,15.59,15.59,15.26,15.36,104100,15.36,-0.23000000000000043
2013-07-31,15.31,15.46,15.25,15.33,49800,15.33,0.019999999999999574
2013-08-01,15.33,15.54,15.28,15.54,49100,15.54,0.20999999999999908
2013-08-02,15.37,15.37,15.24,15.25,46300,15.25,-0.11999999999999922
2013-08-05,15.21,15.22,15.11,15.14,29100,15.14,-0.07000000000000028
2013-08-06,14.93,14.94,14.76,14.89,63800,14.89,-0.03999999999999915
2013-08-07,14.72,14.78,14.7,14.74,43800,14.74,0.019999999999999574
2013-08-08,14.91,15.19,14.91,15.17,69500,15.17,0.2599999999999998
2013-08-09,15.13,15.13,15.03,15.06,23100,15.06,-0.07000000000000028
2013-08-12,14.94,15.18,14.9,15.05,34700,15.05,0.11000000000000121
2013-08-13,15.22,15.27,15.14,15.25,47400,15.25,0.02999999999999936
2013-08-14,15.47,15.47,15.2,15.26,72000,15.26,-0.21000000000000085
2013-08-15,15.06,15.06,14.82,15.0,81800,15.0,-0.0600000000000005
2013-08-16,14.64,14.64,14.43,14.46,125800,14.46,-0.17999999999999972
2013-08-19,14.3,14.3,14.01,14.04,155300,14.04,-0.26000000000000156
2013-08-20,13.95,14.19,13.95,14.1,79800,14.1,0.15000000000000036
2013-08-21,13.93,13.93,13.5,13.56,191700,13.56,-0.3699999999999992
2013-08-22,13.76,13.99,13.76,13.96,84900,13.96,0.20000000000000107
2013-08-23,14.13,14.17,14.08,14.17,60400,14.17,0.03999999999999915
2013-08-26,14.01,14.06,13.85,13.85,52300,13.85,-0.16000000000000014
2013-08-27,13.4,13.47,12.85,13.18,171700,13.18,-0.22000000000000064
2013-08-28,12.99,13.4,12.93,13.17,76400,13.17,0.17999999999999972
2013-08-29,13.48,13.6,13.35,13.42,85000,13.42,-0.0600000000000005
2013-08-30,13.58,13.71,13.45,13.71,106300,13.71,0.13000000000000078
2013-09-03,13.44,13.45,13.32,13.33,84500,13.33,-0.10999999999999943
2013-09-04,13.55,13.93,13.55,13.74,110400,13.74,0.1899999999999995
2013-09-05,13.88,14.23,13.86,14.15,107800,14.15,0.2699999999999996
2013-09-06,14.3,14.47,14.24,14.34,121000,14.34,0.03999999999999915
2013-09-09,14.54,14.86,14.5,14.82,77000,14.82,0.28000000000000114
2013-09-10,15.03,15.14,15.0,15.13,101400,15.13,0.10000000000000142
2013-09-11,15.05,15.2,15.04,15.19,90300,15.19,0.1399999999999988
2013-09-12,15.0,15.04,14.96,14.96,41700,14.96,-0.03999999999999915
2013-09-13,14.96,15.11,14.9,15.0,83900,15.0,0.03999999999999915
2013-09-16,15.16,15.16,15.03,15.1,87800,15.1,-0.0600000000000005
2013-09-17,15.0,15.16,15.0,15.1,44900,15.1,0.09999999999999964
2013-09-18,15.06,15.59,14.96,15.58,184100,15.58,0.5199999999999996
2013-09-19,15.64,15.83,15.54,15.75,88800,15.75,0.10999999999999943
2013-09-20,15.47,15.47,15.25,15.28,60500,15.28,-0.19000000000000128
2013-09-23,14.92,15.13,14.92,15.04,76500,15.04,0.11999999999999922
2013-09-24,15.04,15.08,14.92,15.03,36800,15.03,-0.009999999999999787
2013-09-25,14.96,15.2,14.96,15.14,23900,15.14,0.17999999999999972
2013-09-26,15.19,15.34,15.19,15.26,28400,15.26,0.07000000000000028
2013-09-27,15.03,15.04,14.94,14.97,77300,14.97,-0.05999999999999872
2013-09-30,14.72,15.14,14.72,15.07,81000,15.07,0.34999999999999964
2013-10-01,15.35,15.44,15.06,15.43,116100,15.43,0.08000000000000007
2013-10-02,15.28,15.48,15.28,15.46,45000,15.46,0.1800000000000015
2013-10-03,15.61,15.73,15.53,15.62,52400,15.62,0.009999999999999787
2013-10-04,15.66,15.93,15.66,15.86,25400,15.86,0.1999999999999993
2013-10-07,15.72,15.93,15.67,15.85,28900,15.85,0.129999999999999
2013-10-08,15.75,15.82,15.59,15.69,83400,15.69,-0.0600000000000005
2013-10-09,15.82,16.06,15.82,15.98,51200,15.98,0.16000000000000014
2013-10-10,16.32,16.54,16.18,16.54,143600,16.54,0.21999999999999886
2013-10-11,16.75,16.76,16.5,16.74,177900,16.74,-0.010000000000001563
2013-10-14,16.59,16.94,16.59,16.88,33600,16.88,0.28999999999999915
2013-10-15,16.64,16.64,16.5,16.58,45600,16.58,-0.060000000000002274
2013-10-16,16.46,16.67,16.46,16.62,31700,16.62,0.16000000000000014
2013-10-17,16.71,17.14,16.67,17.14,114100,17.14,0.4299999999999997
2013-10-18,17.29,17.33,17.19,17.25,548800,17.25,-0.03999999999999915
2013-10-21,17.06,17.28,17.06,17.21,55300,17.21,0.15000000000000213
2013-10-22,17.16,17.34,17.16,17.26,83000,17.26,0.10000000000000142
2013-10-23,17.04,17.18,16.97,17.1,98500,17.1,0.060000000000002274
2013-10-24,17.05,17.09,17.0,17.05,39300,17.05,0.0
2013-10-25,17.0,17.09,16.96,17.0,109100,17.0,0.0
2013-10-28,16.91,16.96,16.77,16.83,122900,16.83,-0.08000000000000185
2013-10-29,17.02,17.17,17.02,17.1,120200,17.1,0.08000000000000185
2013-10-30,17.07,17.14,16.96,17.08,95000,17.08,0.00999999999999801
2013-10-31,17.12,17.3,17.09,17.11,100800,17.11,-0.010000000000001563
2013-11-01,17.15,17.26,17.01,17.17,72900,17.17,0.020000000000003126
2013-11-04,17.14,17.2,17.06,17.14,65900,17.14,0.0
2013-11-05,16.94,17.03,16.82,16.99,51000,16.99,0.04999999999999716
2013-11-06,16.9,17.03,16.82,16.99,70500,16.99,0.08999999999999986
2013-11-07,16.86,16.9,16.69,16.69,90700,16.69,-0.16999999999999815
2013-11-08,16.22,16.54,16.16,16.52,198200,16.52,0.3000000000000007
2013-11-11,16.42,16.53,16.35,16.44,83400,16.44,0.019999999999999574
2013-11-12,16.25,16.31,15.97,16.11,113000,16.11,-0.14000000000000057
2013-11-13,16.07,16.5,16.07,16.47,160300,16.47,0.3999999999999986
2013-11-14,16.51,16.81,16.43,16.77,158500,16.77,0.259999999999998
2013-11-15,16.91,17.03,16.86,17.02,72400,17.02,0.10999999999999943
2013-11-18,17.25,17.36,17.15,17.15,48800,17.15,-0.10000000000000142
2013-11-19,16.92,17.12,16.75,16.83,187100,16.83,-0.09000000000000341
2013-11-20,16.78,16.82,16.57,16.63,46000,16.63,-0.15000000000000213
2013-11-21,16.45,16.47,16.33,16.35,24100,16.35,-0.09999999999999787
2013-11-22,16.28,16.51,16.28,16.47,30400,16.47,0.18999999999999773
2013-11-25,16.58,16.61,16.36,16.38,31100,16.38,-0.1999999999999993
2013-11-26,16.31,16.38,16.24,16.34,27400,16.34,0.030000000000001137
2013-11-27,16.31,16.49,16.3,16.35,106000,16.35,0.0400000000000027
2013-11-29,16.53,16.66,16.51,16.65,19700,16.65,0.11999999999999744
2013-12-02,16.7,16.73,16.52,16.64,165100,16.64,-0.05999999999999872
2013-12-03,16.74,16.81,16.67,16.78,96500,16.78,0.0400000000000027
2013-12-04,16.79,16.99,16.79,16.91,85600,16.91,0.120000000000001
2013-12-05,16.93,17.0,16.86,16.9,72500,16.9,-0.030000000000001137
2013-12-06,16.91,17.37,16.91,17.33,208700,17.33,0.41999999999999815
2013-12-09,17.39,17.77,17.39,17.63,312000,17.63,0.23999999999999844
2013-12-10,17.53,17.57,17.26,17.51,181600,17.51,-0.019999999999999574
2013-12-11,17.49,17.49,17.1,17.13,58200,17.13,-0.35999999999999943
2013-12-12,16.98,16.98,16.78,16.88,105700,16.88,-0.10000000000000142
2013-12-13,16.84,16.96,16.82,16.88,73300,16.88,0.03999999999999915
2013-12-16,16.92,17.08,16.89,16.9,63900,16.9,-0.020000000000003126
2013-12-17,16.83,16.85,16.76,16.8,61400,16.8,-0.029999999999997584
2013-12-18,16.82,17.27,16.82,17.03,148000,17.03,0.21000000000000085
2013-12-19,16.84,16.92,16.67,16.77,72900,16.77,-0.07000000000000028
2013-12-20,16.98,17.28,16.98,17.19,99400,17.19,0.21000000000000085
2013-12-23,17.25,17.33,17.14,17.23,61100,17.23,-0.019999999999999574
2013-12-24,17.21,17.31,17.18,17.31,31800,17.31,0.09999999999999787
2013-12-26,17.32,17.33,17.17,17.21,63700,17.21,-0.10999999999999943
2013-12-27,17.26,17.45,17.26,17.42,39600,17.42,0.16000000000000014
2013-12-30,17.31,17.59,17.24,17.58,93600,17.58,0.2699999999999996
2013-12-31,17.48,17.53,17.41,17.48,71400,17.48,0.0
2014-01-02,17.27,17.27,16.94,16.95,40600,16.95,-0.3200000000000003
2014-01-03,17.08,17.1,17.02,17.1,19100,17.1,0.020000000000003126
2014-01-06,17.08,17.1,17.04,17.06,36600,17.06,-0.019999999999999574
2014-01-07,17.07,17.2,17.01,17.11,87300,17.11,0.03999999999999915
2014-01-08,17.03,17.12,17.03,17.1,79400,17.1,0.07000000000000028
2014-01-09,17.06,17.1,16.96,17.04,15600,17.04,-0.019999999999999574
2014-01-10,17.06,17.3,17.0,17.24,75800,17.24,0.17999999999999972
2014-01-13,17.28,17.48,17.24,17.3,125500,17.3,0.019999999999999574
2014-01-14,17.31,17.4,17.21,17.34,43300,17.34,0.030000000000001137
2014-01-15,17.42,17.6,17.42,17.54,45600,17.54,0.11999999999999744
2014-01-16,17.46,17.47,17.4,17.46,13400,17.46,0.0
2014-01-17,17.35,17.35,17.2,17.23,34500,17.23,-0.120000000000001
2014-01-21,17.3,17.34,17.21,17.27,24400,17.27,-0.030000000000001137
2014-01-22,17.36,17.38,17.28,17.36,85100,17.36,0.0
2014-01-23,17.26,17.26,17.01,17.05,80500,17.05,-0.21000000000000085
2014-01-24,16.72,16.72,16.55,16.55,146500,16.55,-0.16999999999999815
2014-01-27,16.49,16.49,16.06,16.25,88300,16.25,-0.23999999999999844
2014-01-28,16.35,16.53,16.35,16.39,81200,16.39,0.03999999999999915
2014-01-29,16.21,16.29,16.13,16.25,99600,16.25,0.03999999999999915
2014-01-30,16.41,16.42,16.28,16.39,39800,16.39,-0.019999999999999574
2014-01-31,16.21,16.51,16.13,16.38,55300,16.38,0.16999999999999815
2014-02-03,16.29,16.29,16.01,16.01,39600,16.01,-0.2799999999999976
2014-02-04,16.18,16.47,16.18,16.46,39000,16.46,0.28000000000000114
2014-02-05,16.36,16.48,16.35,16.39,52900,16.39,0.030000000000001137
2014-02-06,16.38,16.69,16.38,16.65,29800,16.65,0.2699999999999996
2014-02-07,16.75,16.82,16.68,16.72,28700,16.72,-0.030000000000001137
2014-02-10,16.65,16.65,16.46,16.52,24500,16.52,-0.129999999999999
2014-02-11,16.57,16.84,16.57,16.82,23000,16.82,0.25
2014-02-12,16.76,16.92,16.76,16.84,40500,16.84,0.0799999999999983
2014-02-13,16.59,16.76,16.55,16.71,24500,16.71,0.120000000000001
2014-02-14,16.72,16.97,16.72,16.89,20200,16.89,0.1700000000000017
2014-02-18,16.86,16.92,16.84,16.84,13000,16.84,-0.019999999999999574
2014-02-19,16.86,16.93,16.81,16.86,36500,16.86,0.0
2014-02-20,16.86,17.03,16.78,16.96,21300,16.96,0.10000000000000142
2014-02-21,16.97,17.16,16.97,17.11,17500,17.11,0.14000000000000057
2014-02-24,17.05,17.25,17.05,17.2,23600,17.2,0.14999999999999858
2014-02-25,17.25,17.32,17.15,17.15,13400,17.15,-0.10000000000000142
2014-02-26,17.24,17.3,17.19,17.19,9500,17.19,-0.04999999999999716
2014-02-27,17.19,17.48,17.19,17.36,27700,17.36,0.16999999999999815
2014-02-28,17.41,17.45,17.26,17.39,55300,17.39,-0.019999999999999574
2014-03-03,17.2,17.24,17.12,17.19,35500,17.19,-0.00999999999999801
2014-03-04,17.49,17.66,17.47,17.53,50500,17.53,0.0400000000000027
2014-03-05,17.67,17.83,17.67,17.8,35300,17.8,0.129999999999999
2014-03-06,18.0,18.27,17.96,18.21,60400,18.21,0.21000000000000085
2014-03-07,18.35,18.48,18.11,18.13,104400,18.13,-0.22000000000000242
2014-03-10,18.25,18.38,18.22,18.37,89600,18.37,0.120000000000001
2014-03-11,18.25,18.5,18.19,18.19,82100,18.19,-0.05999999999999872
2014-03-12,18.2,18.39,18.2,18.39,62900,18.39,0.19000000000000128
2014-03-13,18.22,18.32,18.11,18.13,104500,18.13,-0.08999999999999986
2014-03-14,18.18,18.35,18.17,18.19,31000,18.19,0.010000000000001563
2014-03-17,18.34,18.48,18.33,18.34,39900,18.34,0.0
2014-03-18,18.25,18.55,18.24,18.5,68000,18.5,0.25
2014-03-19,18.46,18.47,18.1,18.19,56600,18.19,-0.2699999999999996
2014-03-20,18.1,18.35,18.1,18.31,61000,18.31,0.2099999999999973
2014-03-21,18.32,18.45,18.27,18.3,30600,18.3,-0.019999999999999574
2014-03-24,18.51,18.67,18.51,18.65,118500,18.65,0.13999999999999702
2014-03-25,18.74,18.99,18.74,18.91,123400,18.91,0.1700000000000017
2014-03-26,19.0,19.13,18.94,19.05,147400,19.05,0.05000000000000071
2014-03-27,19.1,19.18,18.95,19.16,74200,19.16,0.05999999999999872
2014-03-28,19.32,19.57,19.3,19.42,63200,19.42,0.10000000000000142
2014-03-31,19.45,19.6,19.45,19.52,50800,19.52,0.07000000000000028
2014-04-01,19.52,19.71,19.52,19.68,46100,19.68,0.16000000000000014
2014-04-02,19.81,19.86,19.67,19.82,58600,19.82,0.010000000000001563
2014-04-03,19.6,19.6,19.45,19.54,33400,19.54,-0.060000000000002274
2014-04-04,19.6,19.84,19.5,19.52,53000,19.52,-0.08000000000000185
2014-04-07,19.5,19.54,19.38,19.41,72800,19.41,-0.08999999999999986
2014-04-08,19.41,19.73,19.41,19.63,43900,19.63,0.21999999999999886
2014-04-09,19.76,19.98,19.72,19.95,36200,19.95,0.18999999999999773
2014-04-10,19.92,19.96,19.6,19.65,37500,19.65,-0.2700000000000031
2014-04-11,19.49,19.61,19.45,19.56,50800,19.56,0.07000000000000028
2014-04-14,19.66,19.67,19.54,19.64,23600,19.64,-0.019999999999999574
2014-04-15,19.57,19.57,19.35,19.51,29100,19.51,-0.05999999999999872
2014-04-16,19.47,19.54,19.33,19.51,26200,19.51,0.0400000000000027
2014-04-17,19.68,19.88,19.68,19.85,50400,19.85,0.1700000000000017
2014-04-21,19.87,19.87,19.65,19.66,33200,19.66,-0.21000000000000085
2014-04-22,19.52,19.78,19.52,19.69,16600,19.69,0.1700000000000017
2014-04-23,19.5,19.68,19.5,19.68,14900,19.68,0.17999999999999972
2014-04-24,19.84,19.84,19.67,19.75,12200,19.75,-0.08999999999999986
2014-04-25,19.66,19.75,19.62,19.71,43000,19.71,0.05000000000000071
2014-04-28,19.71,19.77,19.63,19.77,14800,19.77,0.05999999999999872
2014-04-29,19.71,19.9,19.71,19.83,21100,19.83,0.11999999999999744
2014-04-30,19.7,19.75,19.67,19.75,18000,19.75,0.05000000000000071
2014-05-01,19.79,19.79,19.65,19.68,23800,19.68,-0.10999999999999943
2014-05-02,19.64,19.82,19.63,19.76,29800,19.76,0.120000000000001
2014-05-05,19.57,19.8,19.52,19.73,34500,19.73,0.16000000000000014
2014-05-06,19.8,19.83,19.72,19.75,48800,19.75,-0.05000000000000071
2014-05-07,19.61,19.72,19.56,19.67,37100,19.67,0.060000000000002274
2014-05-08,19.56,19.72,19.56,19.63,35800,19.63,0.07000000000000028
2014-05-09,20.1,20.37,20.07,20.31,59300,20.31,0.2099999999999973
2014-05-12,20.87,20.99,20.82,20.98,127800,20.98,0.10999999999999943
2014-05-13,20.98,21.2,20.98,21.2,74000,21.2,0.21999999999999886
2014-05-14,21.14,21.15,21.0,21.05,40600,21.05,-0.08999999999999986
2014-05-15,21.06,21.08,20.8,20.86,67000,20.86,-0.1999999999999993
2014-05-16,21.55,21.8,21.45,21.8,180300,21.8,0.25
2014-05-19,22.15,22.39,21.75,22.05,212800,22.05,-0.09999999999999787
2014-05-20,21.98,22.04,21.8,22.01,67900,22.01,0.030000000000001137
2014-05-21,21.89,22.22,21.89,22.2,45900,22.2,0.3099999999999987
2014-05-22,22.35,22.58,22.35,22.55,139300,22.55,0.1999999999999993
2014-05-23,22.68,22.87,22.58,22.86,150400,22.86,0.17999999999999972
2014-05-27,22.6,22.6,22.17,22.3,115400,22.3,-0.3000000000000007
2014-05-28,22.37,22.76,22.26,22.4,41000,22.4,0.029999999999997584
2014-05-29,22.29,22.35,22.2,22.3,102900,22.3,0.010000000000001563
2014-05-30,22.27,22.27,22.1,22.1,43900,22.1,-0.16999999999999815
2014-06-02,22.44,22.66,22.43,22.62,58700,22.62,0.17999999999999972
2014-06-03,22.66,22.85,22.66,22.84,53100,22.84,0.17999999999999972
2014-06-04,22.81,22.88,22.66,22.87,62300,22.87,0.060000000000002274
2014-06-05,23.08,23.54,23.08,23.54,98700,23.54,0.46000000000000085
2014-06-06,23.77,23.8,23.61,23.76,230300,23.76,-0.00999999999999801
2014-06-09,23.85,23.92,23.64,23.82,63200,23.82,-0.030000000000001137
2014-06-10,23.8,23.8,23.69,23.78,37700,23.78,-0.019999999999999574
2014-06-11,23.7,23.7,23.23,23.52,57300,23.52,-0.17999999999999972
2014-06-12,23.62,23.72,23.39,23.43,25800,23.43,-0.19000000000000128
2014-06-13,23.22,23.22,22.92,23.04,61800,23.04,-0.17999999999999972
2014-06-16,22.77,22.87,22.73,22.76,77400,22.76,-0.00999999999999801
2014-06-17,22.97,23.04,22.93,23.03,25700,23.03,0.060000000000002274
2014-06-18,22.83,23.12,22.57,23.08,26100,23.08,0.25
2014-06-19,22.87,22.89,22.75,22.79,29400,22.79,-0.08000000000000185
2014-06-20,22.75,22.78,22.6,22.77,19400,22.77,0.019999999999999574
2014-06-23,22.71,22.77,22.67,22.72,170200,22.72,0.00999999999999801
2014-06-24,22.83,22.94,22.75,22.77,24500,22.77,-0.05999999999999872
2014-06-25,22.82,22.87,22.79,22.86,28600,22.86,0.03999999999999915
2014-06-26,22.69,22.69,22.52,22.63,140100,22.63,-0.060000000000002274
2014-06-27,22.64,22.81,22.64,22.81,21900,22.81,0.16999999999999815
2014-06-30,22.99,23.16,22.99,23.16,32600,23.16,0.1700000000000017
2014-07-01,23.25,23.46,23.19,23.42,38800,23.42,0.1700000000000017
2014-07-02,23.64,23.9,23.63,23.89,60700,23.89,0.25
2014-07-03,23.83,24.0,23.74,23.95,43900,23.95,0.120000000000001
2014-07-07,24.0,24.22,24.0,24.14,98400,24.14,0.14000000000000057
2014-07-08,23.9,23.9,23.35,23.57,199700,23.57,-0.3299999999999983
2014-07-09,23.69,23.69,23.55,23.59,54300,23.59,-0.10000000000000142
2014-07-10,23.19,23.31,22.99,23.28,23800,23.28,0.08999999999999986
2014-07-11,23.03,23.2,22.94,23.14,55800,23.14,0.10999999999999943
2014-07-14,23.2,23.23,23.11,23.12,32600,23.12,-0.0799999999999983
2014-07-15,23.25,23.37,23.23,23.31,37700,23.31,0.05999999999999872
2014-07-16,23.48,23.67,23.48,23.55,30300,23.55,0.07000000000000028
2014-07-17,23.5,23.68,23.25,23.31,65400,23.31,-0.19000000000000128
2014-07-18,23.41,23.58,23.41,23.54,29800,23.54,0.129999999999999
2014-07-21,23.44,23.66,23.44,23.66,20100,23.66,0.21999999999999886
2014-07-22,23.87,23.94,23.8,23.88,34300,23.88,0.00999999999999801
2014-07-23,23.9,23.9,23.83,23.87,11100,23.87,-0.029999999999997584
2014-07-24,23.89,23.89,23.76,23.82,23700,23.82,-0.07000000000000028
2014-07-25,23.7,23.76,23.65,23.71,24400,23.71,0.010000000000001563
2014-07-28,23.52,23.65,23.45,23.65,10100,23.65,0.129999999999999
2014-07-29,23.7,23.7,23.5,23.55,21900,23.55,-0.14999999999999858
2014-07-30,23.6,23.6,23.43,23.49,27600,23.49,-0.11000000000000298
2014-07-31,23.24,23.24,23.05,23.12,45300,23.12,-0.11999999999999744
2014-08-01,22.74,23.06,22.47,23.05,52000,23.05,0.3100000000000023
2014-08-04,23.11,23.36,23.03,23.14,31400,23.14,0.030000000000001137
2014-08-05,23.16,23.19,22.96,23.06,40000,23.06,-0.10000000000000142
2014-08-06,22.85,22.88,22.77,22.83,25000,22.83,-0.020000000000003126
2014-08-07,22.83,22.83,22.68,22.69,37700,22.69,-0.13999999999999702
2014-08-08,22.63,22.79,22.57,22.76,21500,22.76,0.13000000000000256
2014-08-11,22.75,22.98,22.71,22.84,24700,22.84,0.08999999999999986
2014-08-12,22.73,22.91,22.73,22.87,12600,22.87,0.14000000000000057
2014-08-13,22.85,22.98,22.85,22.92,18400,22.92,0.07000000000000028
2014-08-14,23.04,23.13,23.01,23.13,20200,23.13,0.08999999999999986
2014-08-15,23.19,23.19,23.0,23.08,7600,23.08,-0.11000000000000298
2014-08-18,23.32,23.42,23.27,23.41,34800,23.41,0.08999999999999986
2014-08-19,23.42,23.6,23.42,23.6,45600,23.6,0.17999999999999972
2014-08-20,23.53,23.74,23.53,23.72,22100,23.72,0.18999999999999773
2014-08-21,23.73,23.78,23.69,23.78,25500,23.78,0.05000000000000071
2014-08-22,23.78,23.87,23.71,23.85,24800,23.85,0.07000000000000028
2014-08-25,23.88,23.92,23.75,23.92,21700,23.92,0.0400000000000027
2014-08-26,23.84,23.94,23.84,23.92,19600,23.92,0.08000000000000185
2014-08-27,23.95,24.12,23.94,24.06,102200,24.06,0.10999999999999943
2014-08-28,24.09,24.09,23.89,23.9,40700,23.9,-0.19000000000000128
2014-08-29,24.04,24.05,23.94,24.03,11900,24.03,-0.00999999999999801
2014-09-02,24.16,24.32,24.16,24.28,33900,24.28,0.120000000000001
2014-09-03,24.48,24.68,24.48,24.62,77800,24.62,0.14000000000000057
2014-09-04,24.68,24.9,24.68,24.81,86400,24.81,0.129999999999999
2014-09-05,24.85,25.34,24.85,25.33,45800,25.33,0.4799999999999969
2014-09-08,25.5,25.58,25.37,25.47,92300,25.47,-0.030000000000001137
2014-09-09,25.52,25.52,25.1,25.35,39800,25.35,-0.16999999999999815
2014-09-10,25.25,25.44,25.14,25.43,58300,25.43,0.17999999999999972
2014-09-11,25.16,25.54,25.16,25.35,56400,25.35,0.19000000000000128
2014-09-12,25.4,25.5,25.27,25.5,38500,25.5,0.10000000000000142
2014-09-15,25.35,25.38,25.14,25.35,44500,25.35,0.0
2014-09-16,24.97,25.27,24.74,25.19,52800,25.19,0.22000000000000242
2014-09-17,25.16,25.41,25.01,25.16,33800,25.16,0.0
2014-09-18,25.55,25.9,25.37,25.9,84500,25.9,0.34999999999999787
2014-09-19,25.77,25.83,25.53,25.75,57700,25.75,-0.019999999999999574
2014-09-22,25.61,25.73,25.44,25.59,41000,25.59,-0.019999999999999574
2014-09-23,25.38,25.55,25.25,25.48,78200,25.48,0.10000000000000142
2014-09-24,25.44,25.7,25.3,25.67,52000,25.67,0.23000000000000043
2014-09-25,25.23,25.36,24.99,25.0,133500,25.0,-0.23000000000000043
2014-09-26,25.06,25.11,24.84,24.99,57600,24.99,-0.07000000000000028
2014-09-29,24.63,24.93,24.63,24.74,73800,24.74,0.10999999999999943
2014-09-30,24.73,24.92,24.69,24.88,62900,24.88,0.14999999999999858
2014-10-01,24.95,24.95,24.36,24.47,89400,24.47,-0.4800000000000004
2014-10-02,24.44,24.6,24.29,24.46,73000,24.46,0.019999999999999574
2014-10-03,24.37,24.79,24.37,24.75,41600,24.75,0.379999999999999
2014-10-06,24.78,25.3,24.78,25.2,52100,25.2,0.41999999999999815
2014-10-07,24.94,24.94,24.56,24.56,27300,24.56,-0.38000000000000256
2014-10-08,24.52,24.89,24.52,24.82,40300,24.82,0.3000000000000007
2014-10-09,24.88,25.19,24.05,24.3,127400,24.3,-0.5799999999999983
2014-10-10,24.28,24.55,23.82,23.89,44500,23.89,-0.39000000000000057
2014-10-13,24.11,24.29,24.02,24.06,23300,24.06,-0.05000000000000071
2014-10-14,23.86,24.13,23.86,23.88,32400,23.88,0.019999999999999574
2014-10-15,23.8,23.81,23.23,23.74,75500,23.74,-0.060000000000002274
2014-10-16,23.08,23.66,23.0,23.59,31800,23.59,0.5100000000000016
2014-10-17,23.67,23.84,23.45,23.78,27200,23.78,0.10999999999999943
2014-10-20,23.84,24.16,23.82,24.15,34700,24.15,0.3099999999999987
2014-10-21,24.32,24.57,24.25,24.55,27700,24.55,0.23000000000000043
2014-10-22,24.65,24.65,24.45,24.52,16800,24.52,-0.129999999999999
2014-10-23,24.64,24.76,24.62,24.67,30500,24.67,0.030000000000001137
2014-10-24,24.8,24.89,24.62,24.8,18800,24.8,0.0
2014-10-27,24.61,24.68,24.53,24.58,53700,24.58,-0.030000000000001137
2014-10-28,24.61,24.91,24.61,24.86,15600,24.86,0.25
2014-10-29,24.95,24.99,24.72,24.86,16400,24.86,-0.08999999999999986
2014-10-30,24.94,25.11,24.93,24.96,47200,24.96,0.019999999999999574
2014-10-31,25.28,25.55,25.28,25.53,21400,25.53,0.25
2014-11-03,25.65,25.65,25.52,25.6,20600,25.6,-0.04999999999999716
2014-11-04,25.57,25.63,25.4,25.57,24500,25.57,0.0
2014-11-05,25.49,25.52,25.36,25.51,16500,25.51,0.020000000000003126
2014-11-06,25.52,25.7,25.52,25.68,45300,25.68,0.16000000000000014
2014-11-07,25.67,25.85,25.67,25.85,33400,25.85,0.17999999999999972
2014-11-10,25.9,25.9,25.74,25.76,30900,25.76,-0.13999999999999702
2014-11-11,25.82,25.89,25.77,25.89,17500,25.89,0.07000000000000028
2014-11-12,25.86,26.06,25.8,26.06,33100,26.06,0.1999999999999993
2014-11-13,26.01,26.27,25.9,26.1,59900,26.1,0.08999999999999986
2014-11-14,26.18,26.28,26.05,26.14,38800,26.14,-0.03999999999999915
2014-11-17,26.14,26.39,26.08,26.18,30300,26.18,0.03999999999999915
2014-11-18,26.22,26.36,26.13,26.27,27800,26.27,0.05000000000000071
2014-11-19,26.12,26.3,26.06,26.29,74000,26.29,0.16999999999999815
2014-11-20,26.32,26.65,26.25,26.4,22800,26.4,0.0799999999999983
2014-11-21,26.7,26.99,26.7,26.99,34700,26.99,0.28999999999999915
2014-11-24,26.89,27.46,26.83,27.26,155300,27.26,0.370000000000001
2014-11-25,27.22,27.4,27.13,27.25,99800,27.25,0.030000000000001137
2014-11-26,27.3,27.35,27.15,27.3,53300,27.3,0.0
2014-11-28,27.25,27.42,27.16,27.39,16800,27.39,0.14000000000000057
2014-12-01,27.51,27.56,27.38,27.52,48700,27.52,0.00999999999999801
2014-12-02,27.6,27.77,27.52,27.59,33500,27.59,-0.010000000000001563
2014-12-03,27.74,27.82,27.72,27.81,34600,27.81,0.07000000000000028
2014-12-04,27.79,28.29,27.79,27.99,113200,27.99,0.1999999999999993
2014-12-05,27.88,27.91,27.71,27.8,51400,27.8,-0.0799999999999983
2014-12-08,27.59,27.68,27.21,27.28,59300,27.28,-0.3099999999999987
2014-12-09,27.0,27.15,26.66,26.9,59300,26.9,-0.10000000000000142
2014-12-10,27.0,27.07,26.8,26.84,37200,26.84,-0.16000000000000014
2014-12-11,26.75,26.95,26.55,26.73,21100,26.73,-0.019999999999999574
2014-12-12,26.59,26.66,26.46,26.5,26400,26.5,-0.08999999999999986
2014-12-15,26.37,26.48,26.03,26.17,49700,26.17,-0.1999999999999993
2014-12-16,25.46,25.68,25.0,25.5,102100,25.5,0.03999999999999915
2014-12-17,25.35,26.29,25.35,26.17,47700,26.17,0.8200000000000003
2014-12-18,26.5,26.87,26.41,26.83,114500,26.83,0.3299999999999983
2014-12-19,26.76,26.98,26.72,26.84,8600,26.84,0.0799999999999983
2014-12-22,26.91,27.0,26.73,26.93,23900,26.93,0.019999999999999574
2014-12-23,26.77,26.91,26.46,26.68,100500,26.68,-0.08999999999999986
2014-12-24,26.62,26.65,26.52,26.54,3400,26.54,-0.08000000000000185
2014-12-26,26.47,26.65,26.47,26.56,6500,26.56,0.08999999999999986
2014-12-29,26.58,27.04,26.58,26.78,23400,26.78,0.20000000000000284
2014-12-30,26.8,26.94,26.64,26.73,36800,26.73,-0.07000000000000028
2014-12-31,26.92,27.06,26.82,26.88,34300,26.88,-0.0400000000000027
2015-01-02,27.01,27.27,27.01,27.22,36500,27.22,0.2099999999999973
2015-01-05,27.15,27.25,26.62,26.91,34500,26.91,-0.23999999999999844
2015-01-06,26.48,26.57,26.09,26.2,36100,26.2,-0.28000000000000114
2015-01-07,26.35,26.39,26.16,26.39,42000,26.39,0.03999999999999915
2015-01-08,26.66,27.0,26.66,26.91,66300,26.91,0.25
2015-01-09,27.05,27.16,26.82,27.01,42400,27.01,-0.03999999999999915
2015-01-12,27.05,27.19,27.0,27.05,56200,27.05,0.0
2015-01-13,27.25,27.36,27.0,27.1,36300,27.1,-0.14999999999999858
2015-01-14,27.04,27.17,26.72,26.98,29600,26.98,-0.05999999999999872
2015-01-15,27.31,27.79,27.28,27.56,66000,27.56,0.25
2015-01-16,27.73,27.89,27.66,27.81,54000,27.81,0.0799999999999983
2015-01-20,27.97,28.22,27.96,28.08,50900,28.08,0.10999999999999943
2015-01-21,28.15,28.48,28.11,28.42,105800,28.42,0.2700000000000031
2015-01-22,28.39,28.69,28.39,28.6,134500,28.6,0.21000000000000085
2015-01-23,28.54,28.75,28.53,28.72,110100,28.72,0.17999999999999972
2015-01-26,28.87,28.92,28.59,28.86,33800,28.86,-0.010000000000001563
2015-01-27,28.82,28.98,28.7,28.94,39100,28.94,0.120000000000001
2015-01-28,29.4,29.58,28.51,28.8,61100,28.8,-0.5999999999999979
2015-01-29,28.79,29.19,28.75,28.91,79300,28.91,0.120000000000001
2015-01-30,28.72,28.77,28.33,28.33,26500,28.33,-0.39000000000000057
2015-02-02,28.6,28.9,28.6,28.89,35700,28.89,0.28999999999999915
2015-02-03,28.84,28.84,28.66,28.77,32600,28.77,-0.07000000000000028
2015-02-04,28.59,28.77,28.26,28.5,37600,28.5,-0.08999999999999986
2015-02-05,28.44,28.55,28.41,28.42,14700,28.42,-0.019999999999999574
2015-02-06,27.87,28.45,27.51,28.35,42100,28.35,0.4800000000000004
2015-02-09,27.86,28.0,27.51,27.6,62200,27.6,-0.259999999999998
2015-02-10,27.67,28.1,27.64,27.97,69900,27.97,0.29999999999999716
2015-02-11,28.06,28.42,28.01,28.2,23300,28.2,0.14000000000000057
2015-02-12,28.51,28.74,28.49,28.61,43700,28.61,0.09999999999999787
2015-02-13,28.75,28.98,28.74,28.87,33700,28.87,0.120000000000001
2015-02-17,28.63,28.99,28.63,28.8,16300,28.8,0.1700000000000017
2015-02-18,28.66,28.81,28.56,28.69,28900,28.69,0.030000000000001137
2015-02-19,28.84,28.91,28.76,28.89,28600,28.89,0.05000000000000071
2015-02-20,28.61,28.91,28.61,28.83,35000,28.83,0.21999999999999886
2015-02-23,28.47,28.64,28.09,28.25,63500,28.25,-0.21999999999999886
2015-02-24,28.26,28.7,28.19,28.45,214400,28.45,0.18999999999999773
2015-02-25,28.44,28.76,28.35,28.75,44100,28.75,0.3099999999999987
2015-02-26,28.55,28.64,28.32,28.51,42500,28.51,-0.03999999999999915
2015-02-27,28.78,29.25,28.76,29.11,29900,29.11,0.3299999999999983
2015-03-02,29.25,29.44,29.22,29.42,54700,29.42,0.1700000000000017
2015-03-03,29.42,29.78,29.42,29.62,53800,29.62,0.1999999999999993
2015-03-04,29.31,29.78,29.22,29.74,57300,29.74,0.4299999999999997
2015-03-05,29.68,29.99,29.68,29.99,27700,29.99,0.3099999999999987
